format,width,precision,exponent_bits,operation,input_class,arm,trial,order,cpu,iterations,warmup,nanoseconds,ns_per_operation,sink,warmup_sink,output_check,backend,throttled_us,node
binary32,32,24,8,add,ordinary,binary,1,0,4,1398240,512,39980513,28.593455343860853,7289255197565389645,4710035111410049701,pass,binary-interchange addition fixed-format kernel,0,host-1
binary32,32,24,8,add,ordinary,mpfr,1,1,4,1715696,512,40091147,23.36727893519598,3326101072690064659,4710035111410049701,pass,MPFR,0,host-1
binary32,32,24,8,add,ordinary,mpfr,2,0,4,1715696,512,39797497,23.19612390540049,3326101072690064659,4710035111410049701,pass,MPFR,0,host-1
binary32,32,24,8,add,ordinary,binary,2,1,4,1398240,512,39868710,28.513495537246826,7289255197565389645,4710035111410049701,pass,binary-interchange addition fixed-format kernel,0,host-1
binary32,32,24,8,add,ordinary,binary,3,0,4,1398240,512,39946173,28.568895897699967,7289255197565389645,4710035111410049701,pass,binary-interchange addition fixed-format kernel,0,host-1
binary32,32,24,8,add,ordinary,mpfr,3,1,4,1715696,512,39963608,23.292942339435424,3326101072690064659,4710035111410049701,pass,MPFR,0,host-1
binary32,32,24,8,sub,ordinary,binary,1,0,4,1535392,512,39989345,26.045039312436174,9251448617781227349,1144135820040872485,pass,binary-interchange subtraction fixed-format kernel,0,host-1
binary32,32,24,8,sub,ordinary,mpfr,1,1,4,1573584,512,40134137,25.504921885326745,3214302141705635789,1144135820040872485,pass,MPFR,0,host-1
binary32,32,24,8,sub,ordinary,mpfr,2,0,4,1573584,512,40051852,25.45263042837243,3214302141705635789,1144135820040872485,pass,MPFR,0,host-1
binary32,32,24,8,sub,ordinary,binary,2,1,4,1535392,512,39938292,26.011788520456015,9251448617781227349,1144135820040872485,pass,binary-interchange subtraction fixed-format kernel,0,host-1
binary32,32,24,8,sub,ordinary,binary,3,0,4,1535392,512,39945434,26.016440101290094,9251448617781227349,1144135820040872485,pass,binary-interchange subtraction fixed-format kernel,0,host-1
binary32,32,24,8,sub,ordinary,mpfr,3,1,4,1573584,512,40377878,25.659817334187434,3214302141705635789,1144135820040872485,pass,MPFR,0,host-1
binary32,32,24,8,mul,ordinary,binary,1,0,4,2220512,512,39769761,17.910176121543138,9505640095984591541,14981621558641206309,pass,binary-interchange multiplication fixed-format kernel,0,host-1
binary32,32,24,8,mul,ordinary,mpfr,1,1,4,1445520,512,39782917,27.521526509491395,2440252271808626973,14981621558641206309,pass,MPFR,0,host-1
binary32,32,24,8,mul,ordinary,mpfr,2,0,4,1445520,512,39558014,27.365940284465108,2440252271808626973,14981621558641206309,pass,MPFR,0,host-1
binary32,32,24,8,mul,ordinary,binary,2,1,4,2220512,512,39821042,17.9332703448574,9505640095984591541,14981621558641206309,pass,binary-interchange multiplication fixed-format kernel,0,host-1
binary32,32,24,8,mul,ordinary,binary,3,0,4,2220512,512,39808125,17.92745321799657,9505640095984591541,14981621558641206309,pass,binary-interchange multiplication fixed-format kernel,0,host-1
binary32,32,24,8,mul,ordinary,mpfr,3,1,4,1445520,512,39866764,27.579531241352594,2440252271808626973,14981621558641206309,pass,MPFR,0,host-1
binary32,32,24,8,div,ordinary,binary,1,0,4,815056,512,40185973,49.30455453367621,16881366584253168698,8977066725736587621,pass,binary-interchange division fixed-format kernel,0,host-1
binary32,32,24,8,div,ordinary,mpfr,1,1,4,1098368,512,39676790,36.123403085304744,9629937104685439925,8977066725736587621,pass,MPFR,0,host-1
binary32,32,24,8,div,ordinary,mpfr,2,0,4,1098368,512,39721194,36.16383033737327,9629937104685439925,8977066725736587621,pass,MPFR,0,host-1
binary32,32,24,8,div,ordinary,binary,2,1,4,815056,512,40103609,49.203501354508155,16881366584253168698,8977066725736587621,pass,binary-interchange division fixed-format kernel,0,host-1
binary32,32,24,8,div,ordinary,binary,3,0,4,815056,512,40027853,49.110555593726076,16881366584253168698,8977066725736587621,pass,binary-interchange division fixed-format kernel,0,host-1
binary32,32,24,8,div,ordinary,mpfr,3,1,4,1098368,512,39741886,36.182669196480596,9629937104685439925,8977066725736587621,pass,MPFR,0,host-1
binary32,32,24,8,sqrt,ordinary,binary,1,0,4,623808,512,40157118,64.37416320406278,14529410161110662141,6841456946803523045,pass,binary-interchange square root fixed-format kernel,0,host-1
binary32,32,24,8,sqrt,ordinary,mpfr,1,1,4,1333760,512,40328176,30.236456333973127,14033016050963828645,6841456946803523045,pass,MPFR,0,host-1
binary32,32,24,8,sqrt,ordinary,mpfr,2,0,4,1333760,512,41314717,30.97612538987524,14033016050963828645,6841456946803523045,pass,MPFR,0,host-1
binary32,32,24,8,sqrt,ordinary,binary,2,1,4,623808,512,40035965,64.17994799681954,14529410161110662141,6841456946803523045,pass,binary-interchange square root fixed-format kernel,0,host-1
binary32,32,24,8,sqrt,ordinary,binary,3,0,4,623808,512,40141463,64.3490673412332,14529410161110662141,6841456946803523045,pass,binary-interchange square root fixed-format kernel,0,host-1
binary32,32,24,8,sqrt,ordinary,mpfr,3,1,4,1333760,512,40094241,30.061061210412667,14033016050963828645,6841456946803523045,pass,MPFR,0,host-1
binary32,32,24,8,fma,ordinary,binary,1,0,4,1187728,512,39439016,33.2054275052874,8658709147121524902,6465484129132597349,pass,binary-interchange fused multiply-add fixed-format kernel,0,host-1
binary32,32,24,8,fma,ordinary,mpfr,1,1,4,931600,512,40216575,43.169359167024474,13520242218304231350,6465484129132597349,pass,MPFR,0,host-1
binary32,32,24,8,fma,ordinary,mpfr,2,0,4,931600,512,40170846,43.12027264920567,13520242218304231350,6465484129132597349,pass,MPFR,0,host-1
binary32,32,24,8,fma,ordinary,binary,2,1,4,1187728,512,39399750,33.172367747497745,8658709147121524902,6465484129132597349,pass,binary-interchange fused multiply-add fixed-format kernel,0,host-1
binary32,32,24,8,fma,ordinary,binary,3,0,4,1187728,512,39846139,33.54820211361524,8658709147121524902,6465484129132597349,pass,binary-interchange fused multiply-add fixed-format kernel,0,host-1
binary32,32,24,8,fma,ordinary,mpfr,3,1,4,931600,512,39993151,42.929530914555606,13520242218304231350,6465484129132597349,pass,MPFR,0,host-1
binary64,64,53,11,add,ordinary,binary,1,0,4,160864,512,39680340,246.67010642530337,2352364553067086217,15104514820274810085,pass,binary-interchange addition fixed-format kernel,0,host-1
binary64,64,53,11,add,ordinary,mpfr,1,1,4,1586144,512,40233249,25.36544538200819,518530174258028665,15104514820274810085,pass,MPFR,0,host-1
binary64,64,53,11,add,ordinary,mpfr,2,0,4,1586144,512,40148282,25.31187710573567,518530174258028665,15104514820274810085,pass,MPFR,0,host-1
binary64,64,53,11,add,ordinary,binary,2,1,4,160864,512,39556578,245.90074845832504,2352364553067086217,15104514820274810085,pass,binary-interchange addition fixed-format kernel,0,host-1
binary64,64,53,11,add,ordinary,binary,3,0,4,160864,512,39590201,246.10976352695445,2352364553067086217,15104514820274810085,pass,binary-interchange addition fixed-format kernel,0,host-1
binary64,64,53,11,add,ordinary,mpfr,3,1,4,1586144,512,40054006,25.252439879355215,518530174258028665,15104514820274810085,pass,MPFR,0,host-1
binary64,64,53,11,sub,ordinary,binary,1,0,4,174304,512,40160217,230.40330112906187,1363341737040353073,5939067132643068645,pass,binary-interchange subtraction fixed-format kernel,0,host-1
binary64,64,53,11,sub,ordinary,mpfr,1,1,4,1561120,512,40356640,25.851081274982064,3086575818734060569,5939067132643068645,pass,MPFR,0,host-1
binary64,64,53,11,sub,ordinary,mpfr,2,0,4,1561120,512,40215550,25.760703853643538,3086575818734060569,5939067132643068645,pass,MPFR,0,host-1
binary64,64,53,11,sub,ordinary,binary,2,1,4,174304,512,40046655,229.75178423903066,1363341737040353073,5939067132643068645,pass,binary-interchange subtraction fixed-format kernel,0,host-1
binary64,64,53,11,sub,ordinary,binary,3,0,4,174304,512,39916486,229.00499127960344,1363341737040353073,5939067132643068645,pass,binary-interchange subtraction fixed-format kernel,0,host-1
binary64,64,53,11,sub,ordinary,mpfr,3,1,4,1561120,512,40368311,25.858557317823102,3086575818734060569,5939067132643068645,pass,MPFR,0,host-1
binary64,64,53,11,mul,ordinary,binary,1,0,4,163728,512,39312610,240.10926658848823,1780597142160098088,7152353740601547237,pass,binary-interchange multiplication fixed-format kernel,0,host-1
binary64,64,53,11,mul,ordinary,mpfr,1,1,4,1508656,512,40725583,26.994611760401312,18425722857118843796,7152353740601547237,pass,MPFR,0,host-1
binary64,64,53,11,mul,ordinary,mpfr,2,0,4,1508656,512,40914154,27.119604469143397,18425722857118843796,7152353740601547237,pass,MPFR,0,host-1
binary64,64,53,11,mul,ordinary,binary,2,1,4,163728,512,39167535,239.2231933450601,1780597142160098088,7152353740601547237,pass,binary-interchange multiplication fixed-format kernel,0,host-1
binary64,64,53,11,mul,ordinary,binary,3,0,4,163728,512,39167204,239.2211716994039,1780597142160098088,7152353740601547237,pass,binary-interchange multiplication fixed-format kernel,0,host-1
binary64,64,53,11,mul,ordinary,mpfr,3,1,4,1508656,512,40915232,27.120319012419,18425722857118843796,7152353740601547237,pass,MPFR,0,host-1
binary64,64,53,11,div,ordinary,binary,1,0,4,93792,512,39997757,426.45169097577616,12862515558463423877,15670156353142529317,pass,binary-interchange division fixed-format kernel,0,host-1
binary64,64,53,11,div,ordinary,mpfr,1,1,4,1250016,512,40011728,32.00897268514963,1323656755555094277,15670156353142529317,pass,MPFR,0,host-1
binary64,64,53,11,div,ordinary,mpfr,2,0,4,1250016,512,40091870,32.07308546450606,1323656755555094277,15670156353142529317,pass,MPFR,0,host-1
binary64,64,53,11,div,ordinary,binary,2,1,4,93792,512,39999059,426.4655727567383,12862515558463423877,15670156353142529317,pass,binary-interchange division fixed-format kernel,0,host-1
binary64,64,53,11,div,ordinary,binary,3,0,4,93792,512,40036977,426.86985030706245,12862515558463423877,15670156353142529317,pass,binary-interchange division fixed-format kernel,0,host-1
binary64,64,53,11,div,ordinary,mpfr,3,1,4,1250016,512,39986963,31.989160938739985,1323656755555094277,15670156353142529317,pass,MPFR,0,host-1
binary64,64,53,11,sqrt,ordinary,binary,1,0,4,30064,512,40230594,1338.1650478978179,7082238612049909129,8964826800736902565,pass,binary-interchange square root fixed-format kernel,0,host-1
binary64,64,53,11,sqrt,ordinary,mpfr,1,1,4,1335968,512,42623412,31.904515677022204,8891353475980193373,8964826800736902565,pass,MPFR,0,host-1
binary64,64,53,11,sqrt,ordinary,mpfr,2,0,4,1335968,512,39014397,29.203092439339866,8891353475980193373,8964826800736902565,pass,MPFR,0,host-1
binary64,64,53,11,sqrt,ordinary,binary,2,1,4,30064,512,40471982,1346.1941857370941,7082238612049909129,8964826800736902565,pass,binary-interchange square root fixed-format kernel,0,host-1
binary64,64,53,11,sqrt,ordinary,binary,3,0,4,30064,512,40068649,1332.7783728046834,7082238612049909129,8964826800736902565,pass,binary-interchange square root fixed-format kernel,0,host-1
binary64,64,53,11,sqrt,ordinary,mpfr,3,1,4,1335968,512,39163386,29.314613823085583,8891353475980193373,8964826800736902565,pass,MPFR,0,host-1
binary64,64,53,11,fma,ordinary,binary,1,0,4,31520,512,40182817,1274.8355647208123,13628574719372786893,15434591512263242917,pass,binary-interchange fused multiply-add fixed-format kernel,0,host-1
binary64,64,53,11,fma,ordinary,mpfr,1,1,4,854528,512,39990831,46.798736846539846,7742346947901329957,15434591512263242917,pass,MPFR,0,host-1
binary64,64,53,11,fma,ordinary,mpfr,2,0,4,854528,512,40407840,47.286736069502695,7742346947901329957,15434591512263242917,pass,MPFR,0,host-1
binary64,64,53,11,fma,ordinary,binary,2,1,4,31520,512,40354047,1280.2679885786802,13628574719372786893,15434591512263242917,pass,binary-interchange fused multiply-add fixed-format kernel,0,host-1
binary64,64,53,11,fma,ordinary,binary,3,0,4,31520,512,40142519,1273.5570748730966,13628574719372786893,15434591512263242917,pass,binary-interchange fused multiply-add fixed-format kernel,0,host-1
binary64,64,53,11,fma,ordinary,mpfr,3,1,4,854528,512,39760007,46.528618137732174,7742346947901329957,15434591512263242917,pass,MPFR,0,host-1
binary128,128,113,15,add,ordinary,binary,1,0,4,21072,512,39895175,1893.278995823842,13597353860452092906,4209072994654641637,pass,binary-interchange addition fixed-limb kernel,0,host-1
binary128,128,113,15,add,ordinary,mpfr,1,1,4,1562640,512,40105755,25.665383581631087,10571805368145478898,4209072994654641637,pass,MPFR,0,host-1
binary128,128,113,15,add,ordinary,mpfr,2,0,4,1562640,512,39911903,25.541329416884246,10571805368145478898,4209072994654641637,pass,MPFR,0,host-1
binary128,128,113,15,add,ordinary,binary,2,1,4,21072,512,40195213,1907.5177012148822,13597353860452092906,4209072994654641637,pass,binary-interchange addition fixed-limb kernel,0,host-1
binary128,128,113,15,add,ordinary,binary,3,0,4,21072,512,40277171,1911.407127942293,13597353860452092906,4209072994654641637,pass,binary-interchange addition fixed-limb kernel,0,host-1
binary128,128,113,15,add,ordinary,mpfr,3,1,4,1562640,512,39973139,25.580516945681666,10571805368145478898,4209072994654641637,pass,MPFR,0,host-1
binary128,128,113,15,sub,ordinary,binary,1,0,4,20480,512,40125783,1959.266748046875,8312481319839697829,18201839112634787749,pass,binary-interchange subtraction fixed-limb kernel,0,host-1
binary128,128,113,15,sub,ordinary,mpfr,1,1,4,1437984,512,39283284,27.31830395887576,9096356282930858317,18201839112634787749,pass,MPFR,0,host-1
binary128,128,113,15,sub,ordinary,mpfr,2,0,4,1437984,512,39280208,27.316164853016446,9096356282930858317,18201839112634787749,pass,MPFR,0,host-1
binary128,128,113,15,sub,ordinary,binary,2,1,4,20480,512,40184358,1962.12685546875,8312481319839697829,18201839112634787749,pass,binary-interchange subtraction fixed-limb kernel,0,host-1
binary128,128,113,15,sub,ordinary,binary,3,0,4,20480,512,40237911,1964.741748046875,8312481319839697829,18201839112634787749,pass,binary-interchange subtraction fixed-limb kernel,0,host-1
binary128,128,113,15,sub,ordinary,mpfr,3,1,4,1437984,512,39190736,27.253944411064378,9096356282930858317,18201839112634787749,pass,MPFR,0,host-1
binary128,128,113,15,mul,ordinary,binary,1,0,4,44144,512,39704365,899.4283481333816,4829842572958244329,15241891444016310565,pass,binary-interchange multiplication fixed-limb kernel,0,host-1
binary128,128,113,15,mul,ordinary,mpfr,1,1,4,1313088,512,40665003,30.968985323146658,13195822469755934949,15241891444016310565,pass,MPFR,0,host-1
binary128,128,113,15,mul,ordinary,mpfr,2,0,4,1313088,512,40576389,30.901500127942683,13195822469755934949,15241891444016310565,pass,MPFR,0,host-1
binary128,128,113,15,mul,ordinary,binary,2,1,4,44144,512,39688455,899.0679367524465,4829842572958244329,15241891444016310565,pass,binary-interchange multiplication fixed-limb kernel,0,host-1
binary128,128,113,15,mul,ordinary,binary,3,0,4,44144,512,39689184,899.084450888003,4829842572958244329,15241891444016310565,pass,binary-interchange multiplication fixed-limb kernel,0,host-1
binary128,128,113,15,mul,ordinary,mpfr,3,1,4,1313088,512,40456823,30.810443016766584,13195822469755934949,15241891444016310565,pass,MPFR,0,host-1
binary128,128,113,15,div,ordinary,binary,1,0,4,21248,512,39969333,1881.0868317018073,2197550831811389413,14069835290424295333,pass,binary-interchange division fixed-limb kernel,0,host-1
binary128,128,113,15,div,ordinary,mpfr,1,1,4,1005440,512,39551709,39.33771184754933,8929871435429027141,14069835290424295333,pass,MPFR,0,host-1
binary128,128,113,15,div,ordinary,mpfr,2,0,4,1005440,512,39279057,39.066535049331634,8929871435429027141,14069835290424295333,pass,MPFR,0,host-1
binary128,128,113,15,div,ordinary,binary,2,1,4,21248,512,40228875,1893.3017225150602,2197550831811389413,14069835290424295333,pass,binary-interchange division fixed-limb kernel,0,host-1
binary128,128,113,15,div,ordinary,binary,3,0,4,21248,512,40091537,1886.8381494728915,2197550831811389413,14069835290424295333,pass,binary-interchange division fixed-limb kernel,0,host-1
binary128,128,113,15,div,ordinary,mpfr,3,1,4,1005440,512,39767033,39.55187082272438,8929871435429027141,14069835290424295333,pass,MPFR,0,host-1
binary128,128,113,15,sqrt,ordinary,binary,1,0,4,28224,512,39373658,1395.0417375283446,1248934850217600293,3063715048816685861,pass,binary-interchange square root fixed-limb kernel,0,host-1
binary128,128,113,15,sqrt,ordinary,mpfr,1,1,4,1095632,512,41249585,37.64912397593353,5137356751209523877,3063715048816685861,pass,MPFR,0,host-1
binary128,128,113,15,sqrt,ordinary,mpfr,2,0,4,1095632,512,40206564,36.6971428362808,5137356751209523877,3063715048816685861,pass,MPFR,0,host-1
binary128,128,113,15,sqrt,ordinary,binary,2,1,4,28224,512,39623211,1403.8836096938776,1248934850217600293,3063715048816685861,pass,binary-interchange square root fixed-limb kernel,0,host-1
binary128,128,113,15,sqrt,ordinary,binary,3,0,4,28224,512,39576400,1402.2250566893424,1248934850217600293,3063715048816685861,pass,binary-interchange square root fixed-limb kernel,0,host-1
binary128,128,113,15,sqrt,ordinary,mpfr,3,1,4,1095632,512,40405783,36.878973049345035,5137356751209523877,3063715048816685861,pass,MPFR,0,host-1
binary128,128,113,15,fma,ordinary,binary,1,0,4,16880,512,39871935,2362.0814573459716,14586118749902972043,5415481529649388837,pass,binary-interchange fused multiply-add fixed-limb kernel,0,host-1
binary128,128,113,15,fma,ordinary,mpfr,1,1,4,521472,512,40202654,77.09455924766814,6819575986715311141,5415481529649388837,pass,MPFR,0,host-1
binary128,128,113,15,fma,ordinary,mpfr,2,0,4,521472,512,40715093,78.07723712874325,6819575986715311141,5415481529649388837,pass,MPFR,0,host-1
binary128,128,113,15,fma,ordinary,binary,2,1,4,16880,512,39905492,2364.069431279621,14586118749902972043,5415481529649388837,pass,binary-interchange fused multiply-add fixed-limb kernel,0,host-1
binary128,128,113,15,fma,ordinary,binary,3,0,4,16880,512,40232890,2383.465047393365,14586118749902972043,5415481529649388837,pass,binary-interchange fused multiply-add fixed-limb kernel,0,host-1
binary128,128,113,15,fma,ordinary,mpfr,3,1,4,521472,512,40186620,77.06381167157585,6819575986715311141,5415481529649388837,pass,MPFR,0,host-1
binary256,256,237,19,add,ordinary,binary,1,0,4,21680,512,39739132,1832.9857933579335,9131463116648824332,16310834535766925477,pass,binary-interchange addition exact baseline,0,host-1
binary256,256,237,19,add,ordinary,mpfr,1,1,4,1015712,512,40536187,39.90913467597114,10934112183764370877,16310834535766925477,pass,MPFR,0,host-1
binary256,256,237,19,add,ordinary,mpfr,2,0,4,1015712,512,40237032,39.614607290255506,10934112183764370877,16310834535766925477,pass,MPFR,0,host-1
binary256,256,237,19,add,ordinary,binary,2,1,4,21680,512,39583722,1825.8174354243542,9131463116648824332,16310834535766925477,pass,binary-interchange addition exact baseline,0,host-1
binary256,256,237,19,add,ordinary,binary,3,0,4,21680,512,39604737,1826.7867619926199,9131463116648824332,16310834535766925477,pass,binary-interchange addition exact baseline,0,host-1
binary256,256,237,19,add,ordinary,mpfr,3,1,4,1015712,512,40153930,39.532790791090385,10934112183764370877,16310834535766925477,pass,MPFR,0,host-1
binary256,256,237,19,sub,ordinary,binary,1,0,4,22272,512,40011298,1796.4842852011495,2012765316562433829,15627762625686575909,pass,binary-interchange subtraction exact baseline,0,host-1
binary256,256,237,19,sub,ordinary,mpfr,1,1,4,1040272,512,39921102,38.375638294599874,927937504997742933,15627762625686575909,pass,MPFR,0,host-1
binary256,256,237,19,sub,ordinary,mpfr,2,0,4,1040272,512,39840473,38.29813068120645,927937504997742933,15627762625686575909,pass,MPFR,0,host-1
binary256,256,237,19,sub,ordinary,binary,2,1,4,22272,512,40111506,1800.9835668103449,2012765316562433829,15627762625686575909,pass,binary-interchange subtraction exact baseline,0,host-1
binary256,256,237,19,sub,ordinary,binary,3,0,4,22272,512,39991330,1795.5877334770114,2012765316562433829,15627762625686575909,pass,binary-interchange subtraction exact baseline,0,host-1
binary256,256,237,19,sub,ordinary,mpfr,3,1,4,1040272,512,39813171,38.27188562222188,927937504997742933,15627762625686575909,pass,MPFR,0,host-1
binary256,256,237,19,mul,ordinary,binary,1,0,4,23216,512,39891894,1718.2931598897312,9074483529035121259,11168885286081047973,pass,binary-interchange multiplication exact baseline,0,host-1
binary256,256,237,19,mul,ordinary,mpfr,1,1,4,672720,512,40075365,59.57213253656796,16483996738543453859,11168885286081047973,pass,MPFR,0,host-1
binary256,256,237,19,mul,ordinary,mpfr,2,0,4,672720,512,40446738,60.124179450588656,16483996738543453859,11168885286081047973,pass,MPFR,0,host-1
binary256,256,237,19,mul,ordinary,binary,2,1,4,23216,512,40116902,1727.9850964851826,9074483529035121259,11168885286081047973,pass,binary-interchange multiplication exact baseline,0,host-1
binary256,256,237,19,mul,ordinary,binary,3,0,4,23216,512,39992692,1722.6349069607168,9074483529035121259,11168885286081047973,pass,binary-interchange multiplication exact baseline,0,host-1
binary256,256,237,19,mul,ordinary,mpfr,3,1,4,672720,512,39973788,59.42113806635747,16483996738543453859,11168885286081047973,pass,MPFR,0,host-1
binary256,256,237,19,div,ordinary,binary,1,0,4,20880,512,39937928,1912.7360153256705,15126821048588624538,12444840125009000421,pass,binary-interchange division exact baseline,0,host-1
binary256,256,237,19,div,ordinary,mpfr,1,1,4,302416,512,39363890,130.16470689381515,12876971878923636114,12444840125009000421,pass,MPFR,0,host-1
binary256,256,237,19,div,ordinary,mpfr,2,0,4,302416,512,41202957,136.24595590180414,12876971878923636114,12444840125009000421,pass,MPFR,0,host-1
binary256,256,237,19,div,ordinary,binary,2,1,4,20880,512,39912800,1911.5325670498084,15126821048588624538,12444840125009000421,pass,binary-interchange division exact baseline,0,host-1
binary256,256,237,19,div,ordinary,binary,3,0,4,20880,512,40484690,1938.9219348659003,15126821048588624538,12444840125009000421,pass,binary-interchange division exact baseline,0,host-1
binary256,256,237,19,div,ordinary,mpfr,3,1,4,302416,512,39396536,130.27265753134753,12876971878923636114,12444840125009000421,pass,MPFR,0,host-1
binary256,256,237,19,sqrt,ordinary,binary,1,0,4,8784,512,40141857,4569.883538251366,14282446927005097326,6561554351440375525,pass,binary-interchange square root exact baseline,0,host-1
binary256,256,237,19,sqrt,ordinary,mpfr,1,1,4,229632,512,40270093,175.36794958890746,16046241528820157253,6561554351440375525,pass,MPFR,0,host-1
binary256,256,237,19,sqrt,ordinary,mpfr,2,0,4,229632,512,40188982,175.01472791248605,16046241528820157253,6561554351440375525,pass,MPFR,0,host-1
binary256,256,237,19,sqrt,ordinary,binary,2,1,4,8784,512,40481442,4608.543032786885,14282446927005097326,6561554351440375525,pass,binary-interchange square root exact baseline,0,host-1
binary256,256,237,19,sqrt,ordinary,binary,3,0,4,8784,512,39862549,4538.086179417122,14282446927005097326,6561554351440375525,pass,binary-interchange square root exact baseline,0,host-1
binary256,256,237,19,sqrt,ordinary,mpfr,3,1,4,229632,512,40043251,174.38009946348942,16046241528820157253,6561554351440375525,pass,MPFR,0,host-1
binary256,256,237,19,fma,ordinary,binary,1,0,4,16672,512,41315812,2478.155710172745,725913137281004217,14880539204028898661,pass,binary-interchange fused multiply-add exact baseline,0,host-1
binary256,256,237,19,fma,ordinary,mpfr,1,1,4,443424,512,40171607,90.59411984917371,5746469575033046361,14880539204028898661,pass,MPFR,0,host-1
binary256,256,237,19,fma,ordinary,mpfr,2,0,4,443424,512,40000155,90.20746508984628,5746469575033046361,14880539204028898661,pass,MPFR,0,host-1
binary256,256,237,19,fma,ordinary,binary,2,1,4,16672,512,39376250,2361.8192178502877,725913137281004217,14880539204028898661,pass,binary-interchange fused multiply-add exact baseline,0,host-1
binary256,256,237,19,fma,ordinary,binary,3,0,4,16672,512,39114921,2346.1444937619963,725913137281004217,14880539204028898661,pass,binary-interchange fused multiply-add exact baseline,0,host-1
binary256,256,237,19,fma,ordinary,mpfr,3,1,4,443424,512,40033099,90.28175967020279,5746469575033046361,14880539204028898661,pass,MPFR,0,host-1
binary512,512,493,19,add,ordinary,binary,1,0,4,21296,512,40408616,1897.4744552967693,17176405419511728207,17800786120306767781,pass,binary-interchange addition exact baseline,0,host-1
binary512,512,493,19,add,ordinary,mpfr,1,1,4,908016,512,39618097,43.63149658155803,3036534194990274495,17800786120306767781,pass,MPFR,0,host-1
binary512,512,493,19,add,ordinary,mpfr,2,0,4,908016,512,39666914,43.685258850064315,3036534194990274495,17800786120306767781,pass,MPFR,0,host-1
binary512,512,493,19,add,ordinary,binary,2,1,4,21296,512,40066277,1881.399182945154,17176405419511728207,17800786120306767781,pass,binary-interchange addition exact baseline,0,host-1
binary512,512,493,19,add,ordinary,binary,3,0,4,21296,512,40142641,1884.985020661157,17176405419511728207,17800786120306767781,pass,binary-interchange addition exact baseline,0,host-1
binary512,512,493,19,add,ordinary,mpfr,3,1,4,908016,512,39691324,43.71214163627073,3036534194990274495,17800786120306767781,pass,MPFR,0,host-1
binary512,512,493,19,sub,ordinary,binary,1,0,4,21280,512,39935924,1876.6881578947368,14663232067605339653,6178369979724055845,pass,binary-interchange subtraction exact baseline,0,host-1
binary512,512,493,19,sub,ordinary,mpfr,1,1,4,966496,512,40137942,41.52934104228057,2706283693227618501,6178369979724055845,pass,MPFR,0,host-1
binary512,512,493,19,sub,ordinary,mpfr,2,0,4,966496,512,40377470,41.77717238353806,2706283693227618501,6178369979724055845,pass,MPFR,0,host-1
binary512,512,493,19,sub,ordinary,binary,2,1,4,21280,512,40022419,1880.752772556391,14663232067605339653,6178369979724055845,pass,binary-interchange subtraction exact baseline,0,host-1
binary512,512,493,19,sub,ordinary,binary,3,0,4,21280,512,40128946,1885.7587406015039,14663232067605339653,6178369979724055845,pass,binary-interchange subtraction exact baseline,0,host-1
binary512,512,493,19,sub,ordinary,mpfr,3,1,4,966496,512,40015782,41.40294631328014,2706283693227618501,6178369979724055845,pass,MPFR,0,host-1
binary512,512,493,19,mul,ordinary,binary,1,0,4,22064,512,39973236,1811.69488759971,16862815275538426235,14607444217146423845,pass,binary-interchange multiplication exact baseline,0,host-1
binary512,512,493,19,mul,ordinary,mpfr,1,1,4,420704,512,40048461,95.19391543698183,14245453249321650773,14607444217146423845,pass,MPFR,0,host-1
binary512,512,493,19,mul,ordinary,mpfr,2,0,4,420704,512,40111358,95.34341960142999,14245453249321650773,14607444217146423845,pass,MPFR,0,host-1
binary512,512,493,19,mul,ordinary,binary,2,1,4,22064,512,40094369,1817.184961928934,16862815275538426235,14607444217146423845,pass,binary-interchange multiplication exact baseline,0,host-1
binary512,512,493,19,mul,ordinary,binary,3,0,4,22064,512,40240683,1823.816307106599,16862815275538426235,14607444217146423845,pass,binary-interchange multiplication exact baseline,0,host-1
binary512,512,493,19,mul,ordinary,mpfr,3,1,4,420704,512,39840426,94.69942287213813,14245453249321650773,14607444217146423845,pass,MPFR,0,host-1
binary512,512,493,19,div,ordinary,binary,1,0,4,19360,512,39828470,2057.255681818182,7152023293723307045,17964281460382053157,pass,binary-interchange division exact baseline,0,host-1
binary512,512,493,19,div,ordinary,mpfr,1,1,4,216336,512,39913725,184.49876580874195,2407118396009342089,17964281460382053157,pass,MPFR,0,host-1
binary512,512,493,19,div,ordinary,mpfr,2,0,4,216336,512,40043408,185.09821758745656,2407118396009342089,17964281460382053157,pass,MPFR,0,host-1
binary512,512,493,19,div,ordinary,binary,2,1,4,19360,512,39905418,2061.2302685950413,7152023293723307045,17964281460382053157,pass,binary-interchange division exact baseline,0,host-1
binary512,512,493,19,div,ordinary,binary,3,0,4,19360,512,39900681,2060.985588842975,7152023293723307045,17964281460382053157,pass,binary-interchange division exact baseline,0,host-1
binary512,512,493,19,div,ordinary,mpfr,3,1,4,216336,512,39880949,184.34726074254863,2407118396009342089,17964281460382053157,pass,MPFR,0,host-1
binary512,512,493,19,sqrt,ordinary,binary,1,0,4,7344,512,40204966,5474.532407407408,13477063442857118602,9099300042613066085,pass,binary-interchange square root exact baseline,0,host-1
binary512,512,493,19,sqrt,ordinary,mpfr,1,1,4,122736,512,40213766,327.6444238039369,15398764431460395138,9099300042613066085,pass,MPFR,0,host-1
binary512,512,493,19,sqrt,ordinary,mpfr,2,0,4,122736,512,40129928,326.96134793377655,15398764431460395138,9099300042613066085,pass,MPFR,0,host-1
binary512,512,493,19,sqrt,ordinary,binary,2,1,4,7344,512,40574042,5524.787854030501,13477063442857118602,9099300042613066085,pass,binary-interchange square root exact baseline,0,host-1
binary512,512,493,19,sqrt,ordinary,binary,3,0,4,7344,512,40408429,5502.237064270153,13477063442857118602,9099300042613066085,pass,binary-interchange square root exact baseline,0,host-1
binary512,512,493,19,sqrt,ordinary,mpfr,3,1,4,122736,512,40123346,326.9077206361622,15398764431460395138,9099300042613066085,pass,MPFR,0,host-1
binary512,512,493,19,fma,ordinary,binary,1,0,4,16240,512,39767497,2448.7375,11578190209811181446,88700848711424421,pass,binary-interchange fused multiply-add exact baseline,0,host-1
binary512,512,493,19,fma,ordinary,mpfr,1,1,4,307664,512,40146902,130.48943652816058,3708592354735870510,88700848711424421,pass,MPFR,0,host-1
binary512,512,493,19,fma,ordinary,mpfr,2,0,4,307664,512,40225658,130.74541707837122,3708592354735870510,88700848711424421,pass,MPFR,0,host-1
binary512,512,493,19,fma,ordinary,binary,2,1,4,16240,512,39642528,2441.0423645320197,11578190209811181446,88700848711424421,pass,binary-interchange fused multiply-add exact baseline,0,host-1
binary512,512,493,19,fma,ordinary,binary,3,0,4,16240,512,39996439,2462.8349137931036,11578190209811181446,88700848711424421,pass,binary-interchange fused multiply-add exact baseline,0,host-1
binary512,512,493,19,fma,ordinary,mpfr,3,1,4,307664,512,40082924,130.28148889697852,3708592354735870510,88700848711424421,pass,MPFR,0,host-1
binary1024,1024,1005,19,add,ordinary,binary,1,0,4,20240,512,41264255,2038.747776679842,6208799644027911651,6507918566272508581,pass,binary-interchange addition exact baseline,0,host-1
binary1024,1024,1005,19,add,ordinary,mpfr,1,1,4,748688,512,39422101,52.654912326630054,10941200114421337283,6507918566272508581,pass,MPFR,0,host-1
binary1024,1024,1005,19,add,ordinary,mpfr,2,0,4,748688,512,39490523,52.7463015301434,10941200114421337283,6507918566272508581,pass,MPFR,0,host-1
binary1024,1024,1005,19,add,ordinary,binary,2,1,4,20240,512,40061689,1979.3324604743084,6208799644027911651,6507918566272508581,pass,binary-interchange addition exact baseline,0,host-1
binary1024,1024,1005,19,add,ordinary,binary,3,0,4,20240,512,40983563,2024.87959486166,6208799644027911651,6507918566272508581,pass,binary-interchange addition exact baseline,0,host-1
binary1024,1024,1005,19,add,ordinary,mpfr,3,1,4,748688,512,39409463,52.63803213087428,10941200114421337283,6507918566272508581,pass,MPFR,0,host-1
binary1024,1024,1005,19,sub,ordinary,binary,1,0,4,20400,512,40707022,1995.4422549019607,18098291515534805300,3061569823907310373,pass,binary-interchange subtraction exact baseline,0,host-1
binary1024,1024,1005,19,sub,ordinary,mpfr,1,1,4,841344,512,40102216,47.66447018104366,746938607288686885,3061569823907310373,pass,MPFR,0,host-1
binary1024,1024,1005,19,sub,ordinary,mpfr,2,0,4,841344,512,40091784,47.65207097215883,746938607288686885,3061569823907310373,pass,MPFR,0,host-1
binary1024,1024,1005,19,sub,ordinary,binary,2,1,4,20400,512,40359104,1978.3874509803923,18098291515534805300,3061569823907310373,pass,binary-interchange subtraction exact baseline,0,host-1
binary1024,1024,1005,19,sub,ordinary,binary,3,0,4,20400,512,40089549,1965.1739705882353,18098291515534805300,3061569823907310373,pass,binary-interchange subtraction exact baseline,0,host-1
binary1024,1024,1005,19,sub,ordinary,mpfr,3,1,4,841344,512,41452220,49.26905047162635,746938607288686885,3061569823907310373,pass,MPFR,0,host-1
binary1024,1024,1005,19,mul,ordinary,binary,1,0,4,20016,512,39977886,1997.2964628297361,15159398654816348955,10828424672802790949,pass,binary-interchange multiplication exact baseline,0,host-1
binary1024,1024,1005,19,mul,ordinary,mpfr,1,1,4,231072,512,39710099,171.85162633291787,8471392563473082229,10828424672802790949,pass,MPFR,0,host-1
binary1024,1024,1005,19,mul,ordinary,mpfr,2,0,4,231072,512,39742303,171.99099414900982,8471392563473082229,10828424672802790949,pass,MPFR,0,host-1
binary1024,1024,1005,19,mul,ordinary,binary,2,1,4,20016,512,39855848,1991.1994404476418,15159398654816348955,10828424672802790949,pass,binary-interchange multiplication exact baseline,0,host-1
binary1024,1024,1005,19,mul,ordinary,binary,3,0,4,20016,512,39860101,1991.411920463629,15159398654816348955,10828424672802790949,pass,binary-interchange multiplication exact baseline,0,host-1
binary1024,1024,1005,19,mul,ordinary,mpfr,3,1,4,231072,512,39756620,172.05295319207866,8471392563473082229,10828424672802790949,pass,MPFR,0,host-1
binary1024,1024,1005,19,div,ordinary,binary,1,0,4,17664,512,39671439,2245.8921535326085,12926626501629675301,11647470287962372901,pass,binary-interchange division exact baseline,0,host-1
binary1024,1024,1005,19,div,ordinary,mpfr,1,1,4,121888,512,40051848,328.5954975059071,14838505922568528805,11647470287962372901,pass,MPFR,0,host-1
binary1024,1024,1005,19,div,ordinary,mpfr,2,0,4,121888,512,40244393,330.1751854161197,14838505922568528805,11647470287962372901,pass,MPFR,0,host-1
binary1024,1024,1005,19,div,ordinary,binary,2,1,4,17664,512,40035721,2266.515002264493,12926626501629675301,11647470287962372901,pass,binary-interchange division exact baseline,0,host-1
binary1024,1024,1005,19,div,ordinary,binary,3,0,4,17664,512,39566555,2239.9544270833335,12926626501629675301,11647470287962372901,pass,binary-interchange division exact baseline,0,host-1
binary1024,1024,1005,19,div,ordinary,mpfr,3,1,4,121888,512,39946625,327.7322213835652,14838505922568528805,11647470287962372901,pass,MPFR,0,host-1
binary1024,1024,1005,19,sqrt,ordinary,binary,1,0,4,6064,512,40066215,6607.225428759894,11652250280544606597,195420173458653989,pass,binary-interchange square root exact baseline,0,host-1
binary1024,1024,1005,19,sqrt,ordinary,mpfr,1,1,4,75968,512,40249956,529.8277695871946,2215313809585102629,195420173458653989,pass,MPFR,0,host-1
binary1024,1024,1005,19,sqrt,ordinary,mpfr,2,0,4,75968,512,40234130,529.6194450294861,2215313809585102629,195420173458653989,pass,MPFR,0,host-1
binary1024,1024,1005,19,sqrt,ordinary,binary,2,1,4,6064,512,40548456,6686.750659630607,11652250280544606597,195420173458653989,pass,binary-interchange square root exact baseline,0,host-1
binary1024,1024,1005,19,sqrt,ordinary,binary,3,0,4,6064,512,39812681,6565.415732189974,11652250280544606597,195420173458653989,pass,binary-interchange square root exact baseline,0,host-1
binary1024,1024,1005,19,sqrt,ordinary,mpfr,3,1,4,75968,512,40147568,528.4799915754002,2215313809585102629,195420173458653989,pass,MPFR,0,host-1
binary1024,1024,1005,19,fma,ordinary,binary,1,0,4,14352,512,39370864,2743.231884057971,14951095536170320496,15425827060593804581,pass,binary-interchange fused multiply-add exact baseline,0,host-1
binary1024,1024,1005,19,fma,ordinary,mpfr,1,1,4,142304,512,40029935,281.2987336968743,16545423037693927365,15425827060593804581,pass,MPFR,0,host-1
binary1024,1024,1005,19,fma,ordinary,mpfr,2,0,4,142304,512,40085826,281.69149145491343,16545423037693927365,15425827060593804581,pass,MPFR,0,host-1
binary1024,1024,1005,19,fma,ordinary,binary,2,1,4,14352,512,39653448,2762.9214046822744,14951095536170320496,15425827060593804581,pass,binary-interchange fused multiply-add exact baseline,0,host-1
binary1024,1024,1005,19,fma,ordinary,binary,3,0,4,14352,512,39253536,2735.056856187291,14951095536170320496,15425827060593804581,pass,binary-interchange fused multiply-add exact baseline,0,host-1
binary1024,1024,1005,19,fma,ordinary,mpfr,3,1,4,142304,512,40093490,281.74534798740723,16545423037693927365,15425827060593804581,pass,MPFR,0,host-1
binary2048,2048,2029,19,add,ordinary,binary,1,0,4,18736,512,40015532,2135.7564047822375,14823567872564716079,8357630741869078821,pass,binary-interchange addition exact baseline,0,host-1
binary2048,2048,2029,19,add,ordinary,mpfr,1,1,4,554736,512,41761038,75.28092281734014,3581355210048501999,8357630741869078821,pass,MPFR,0,host-1
binary2048,2048,2029,19,add,ordinary,mpfr,2,0,4,554736,512,40393697,72.81607287069886,3581355210048501999,8357630741869078821,pass,MPFR,0,host-1
binary2048,2048,2029,19,add,ordinary,binary,2,1,4,18736,512,40194346,2145.3002775405635,14823567872564716079,8357630741869078821,pass,binary-interchange addition exact baseline,0,host-1
binary2048,2048,2029,19,add,ordinary,binary,3,0,4,18736,512,40038948,2137.006191289496,14823567872564716079,8357630741869078821,pass,binary-interchange addition exact baseline,0,host-1
binary2048,2048,2029,19,add,ordinary,mpfr,3,1,4,554736,512,40035010,72.16948242046668,3581355210048501999,8357630741869078821,pass,MPFR,0,host-1
binary2048,2048,2029,19,sub,ordinary,binary,1,0,4,18544,512,40461630,2181.9256902502157,1118766452838617761,11752865423882098341,pass,binary-interchange subtraction exact baseline,0,host-1
binary2048,2048,2029,19,sub,ordinary,mpfr,1,1,4,616992,512,50915176,82.52161454281416,4119637372084330173,11752865423882098341,pass,MPFR,0,host-1
binary2048,2048,2029,19,sub,ordinary,mpfr,2,0,4,616992,512,46418837,75.2340986593019,4119637372084330173,11752865423882098341,pass,MPFR,0,host-1
binary2048,2048,2029,19,sub,ordinary,binary,2,1,4,18544,512,40515264,2184.8179465056082,1118766452838617761,11752865423882098341,pass,binary-interchange subtraction exact baseline,0,host-1
binary2048,2048,2029,19,sub,ordinary,binary,3,0,4,18544,512,39795272,2145.9918032786886,1118766452838617761,11752865423882098341,pass,binary-interchange subtraction exact baseline,0,host-1
binary2048,2048,2029,19,sub,ordinary,mpfr,3,1,4,616992,512,39961217,64.7678041206369,4119637372084330173,11752865423882098341,pass,MPFR,0,host-1
binary2048,2048,2029,19,mul,ordinary,binary,1,0,4,15504,512,39757353,2564.328753869969,6107187012256406987,6733975628719288997,pass,binary-interchange multiplication exact baseline,0,host-1
binary2048,2048,2029,19,mul,ordinary,mpfr,1,1,4,89488,512,39399224,440.2738244233864,13234668357630324491,6733975628719288997,pass,MPFR,0,host-1
binary2048,2048,2029,19,mul,ordinary,mpfr,2,0,4,89488,512,39699149,443.62539111389236,13234668357630324491,6733975628719288997,pass,MPFR,0,host-1
binary2048,2048,2029,19,mul,ordinary,binary,2,1,4,15504,512,39706790,2561.0674664602684,6107187012256406987,6733975628719288997,pass,binary-interchange multiplication exact baseline,0,host-1
binary2048,2048,2029,19,mul,ordinary,binary,3,0,4,15504,512,39664319,2558.328108875129,6107187012256406987,6733975628719288997,pass,binary-interchange multiplication exact baseline,0,host-1
binary2048,2048,2029,19,mul,ordinary,mpfr,3,1,4,89488,512,39512198,441.53627301984625,13234668357630324491,6733975628719288997,pass,MPFR,0,host-1
binary2048,2048,2029,19,div,ordinary,binary,1,0,4,13952,512,40222102,2882.891485091743,10286286013550881253,5594711173824613925,pass,binary-interchange division exact baseline,0,host-1
binary2048,2048,2029,19,div,ordinary,mpfr,1,1,4,54448,512,40024995,735.104962533059,7237574046860715037,5594711173824613925,pass,MPFR,0,host-1
binary2048,2048,2029,19,div,ordinary,mpfr,2,0,4,54448,512,40049578,735.5564575374669,7237574046860715037,5594711173824613925,pass,MPFR,0,host-1
binary2048,2048,2029,19,div,ordinary,binary,2,1,4,13952,512,40098883,2874.0598480504586,10286286013550881253,5594711173824613925,pass,binary-interchange division exact baseline,0,host-1
binary2048,2048,2029,19,div,ordinary,binary,3,0,4,13952,512,39965814,2864.522219036697,10286286013550881253,5594711173824613925,pass,binary-interchange division exact baseline,0,host-1
binary2048,2048,2029,19,div,ordinary,mpfr,3,1,4,54448,512,40224179,738.7632052600646,7237574046860715037,5594711173824613925,pass,MPFR,0,host-1
binary2048,2048,2029,19,sqrt,ordinary,binary,1,0,4,4560,512,40357992,8850.436842105262,3486492931858841655,2560042168469774949,pass,binary-interchange square root exact baseline,0,host-1
binary2048,2048,2029,19,sqrt,ordinary,mpfr,1,1,4,44064,512,40177427,911.7970905954975,7905940285075911441,2560042168469774949,pass,MPFR,0,host-1
binary2048,2048,2029,19,sqrt,ordinary,mpfr,2,0,4,44064,512,40418866,917.2763707334785,7905940285075911441,2560042168469774949,pass,MPFR,0,host-1
binary2048,2048,2029,19,sqrt,ordinary,binary,2,1,4,4560,512,40280798,8833.508333333333,3486492931858841655,2560042168469774949,pass,binary-interchange square root exact baseline,0,host-1
binary2048,2048,2029,19,sqrt,ordinary,binary,3,0,4,4560,512,40041491,8781.028728070176,3486492931858841655,2560042168469774949,pass,binary-interchange square root exact baseline,0,host-1
binary2048,2048,2029,19,sqrt,ordinary,mpfr,3,1,4,44064,512,40089743,909.8071668482207,7905940285075911441,2560042168469774949,pass,MPFR,0,host-1
binary2048,2048,2029,19,fma,ordinary,binary,1,0,4,12064,512,40216502,3333.5959880636606,9051482217912162197,7063357919115000869,pass,binary-interchange fused multiply-add exact baseline,0,host-1
binary2048,2048,2029,19,fma,ordinary,mpfr,1,1,4,55936,512,39921043,713.6914151887872,5967045118426886117,7063357919115000869,pass,MPFR,0,host-1
binary2048,2048,2029,19,fma,ordinary,mpfr,2,0,4,55936,512,40077554,716.4894522311213,5967045118426886117,7063357919115000869,pass,MPFR,0,host-1
binary2048,2048,2029,19,fma,ordinary,binary,2,1,4,12064,512,39996189,3315.333968832891,9051482217912162197,7063357919115000869,pass,binary-interchange fused multiply-add exact baseline,0,host-1
binary2048,2048,2029,19,fma,ordinary,binary,3,0,4,12064,512,40152200,3328.2659151193634,9051482217912162197,7063357919115000869,pass,binary-interchange fused multiply-add exact baseline,0,host-1
binary2048,2048,2029,19,fma,ordinary,mpfr,3,1,4,55936,512,40059503,716.1667441361556,5967045118426886117,7063357919115000869,pass,MPFR,0,host-1
binary4096,4096,4077,19,add,ordinary,binary,1,0,4,16672,512,40074550,2403.7038147792705,16379151898533720765,18291705052067338405,pass,binary-interchange addition exact baseline,0,host-1
binary4096,4096,4077,19,add,ordinary,mpfr,1,1,4,355744,512,40595365,114.11398365116489,10482165462392267229,18291705052067338405,pass,MPFR,0,host-1
binary4096,4096,4077,19,add,ordinary,mpfr,2,0,4,355744,512,40257465,113.16414331654224,10482165462392267229,18291705052067338405,pass,MPFR,0,host-1
binary4096,4096,4077,19,add,ordinary,binary,2,1,4,16672,512,40062476,2402.9796065259115,16379151898533720765,18291705052067338405,pass,binary-interchange addition exact baseline,0,host-1
binary4096,4096,4077,19,add,ordinary,binary,3,0,4,16672,512,40164695,2409.110784548944,16379151898533720765,18291705052067338405,pass,binary-interchange addition exact baseline,0,host-1
binary4096,4096,4077,19,add,ordinary,mpfr,3,1,4,355744,512,40136412,112.82386210308536,10482165462392267229,18291705052067338405,pass,MPFR,0,host-1
binary4096,4096,4077,19,sub,ordinary,binary,1,0,4,16752,512,39751392,2372.9340974212037,5087412671976956951,13199148165323806437,pass,binary-interchange subtraction exact baseline,0,host-1
binary4096,4096,4077,19,sub,ordinary,mpfr,1,1,4,401040,512,39461376,98.39760622381807,10274774027258338931,13199148165323806437,pass,MPFR,0,host-1
binary4096,4096,4077,19,sub,ordinary,mpfr,2,0,4,401040,512,39460748,98.3960402952324,10274774027258338931,13199148165323806437,pass,MPFR,0,host-1
binary4096,4096,4077,19,sub,ordinary,binary,2,1,4,16752,512,39882349,2380.751492359121,5087412671976956951,13199148165323806437,pass,binary-interchange subtraction exact baseline,0,host-1
binary4096,4096,4077,19,sub,ordinary,binary,3,0,4,16752,512,40184430,2398.7840257879657,5087412671976956951,13199148165323806437,pass,binary-interchange subtraction exact baseline,0,host-1
binary4096,4096,4077,19,sub,ordinary,mpfr,3,1,4,401040,512,39452488,98.3754438460004,10274774027258338931,13199148165323806437,pass,MPFR,0,host-1
binary4096,4096,4077,19,mul,ordinary,binary,1,0,4,9392,512,39994529,4258.361264906303,5279125922099526326,11249107533337234341,pass,binary-interchange multiplication exact baseline,0,host-1
binary4096,4096,4077,19,mul,ordinary,mpfr,1,1,4,30688,512,40104461,1306.8450534410845,14980883093497343277,11249107533337234341,pass,MPFR,0,host-1
binary4096,4096,4077,19,mul,ordinary,mpfr,2,0,4,30688,512,39945389,1301.6615289363922,14980883093497343277,11249107533337234341,pass,MPFR,0,host-1
binary4096,4096,4077,19,mul,ordinary,binary,2,1,4,9392,512,40285215,4289.311648211244,5279125922099526326,11249107533337234341,pass,binary-interchange multiplication exact baseline,0,host-1
binary4096,4096,4077,19,mul,ordinary,binary,3,0,4,9392,512,60149420,6404.324957410562,5279125922099526326,11249107533337234341,pass,binary-interchange multiplication exact baseline,0,host-1
binary4096,4096,4077,19,mul,ordinary,mpfr,3,1,4,30688,512,61757781,2012.440726016684,14980883093497343277,11249107533337234341,pass,MPFR,0,host-1
binary4096,4096,4077,19,div,ordinary,binary,1,0,4,8848,512,39853949,4504.288991862568,1003041421829466794,18242564831567077861,pass,binary-interchange division exact baseline,0,host-1
binary4096,4096,4077,19,div,ordinary,mpfr,1,1,4,18432,512,39201782,2126.8327907986113,14520702507802194149,18242564831567077861,pass,MPFR,0,host-1
binary4096,4096,4077,19,div,ordinary,mpfr,2,0,4,18432,512,38947492,2113.036675347222,14520702507802194149,18242564831567077861,pass,MPFR,0,host-1
binary4096,4096,4077,19,div,ordinary,binary,2,1,4,8848,512,40663408,4595.773960216999,1003041421829466794,18242564831567077861,pass,binary-interchange division exact baseline,0,host-1
binary4096,4096,4077,19,div,ordinary,binary,3,0,4,8848,512,40440717,4570.605447558771,1003041421829466794,18242564831567077861,pass,binary-interchange division exact baseline,0,host-1
binary4096,4096,4077,19,div,ordinary,mpfr,3,1,4,18432,512,57688381,3129.794976128472,14520702507802194149,18242564831567077861,pass,MPFR,0,host-1
binary4096,4096,4077,19,sqrt,ordinary,binary,1,0,4,1680,512,41334680,24603.97619047619,4260776028048494317,3329311880039632165,pass,binary-interchange square root exact baseline,0,host-1
binary4096,4096,4077,19,sqrt,ordinary,mpfr,1,1,4,12512,512,37947704,3032.9047314578006,377049277113457413,3329311880039632165,pass,MPFR,0,host-1
binary4096,4096,4077,19,sqrt,ordinary,mpfr,2,0,4,12512,512,38429674,3071.425351662404,377049277113457413,3329311880039632165,pass,MPFR,0,host-1
binary4096,4096,4077,19,sqrt,ordinary,binary,2,1,4,1680,512,41730669,24839.683928571427,4260776028048494317,3329311880039632165,pass,binary-interchange square root exact baseline,0,host-1
binary4096,4096,4077,19,sqrt,ordinary,binary,3,0,4,1680,512,43852377,26102.605357142857,4260776028048494317,3329311880039632165,pass,binary-interchange square root exact baseline,0,host-1
binary4096,4096,4077,19,sqrt,ordinary,mpfr,3,1,4,12512,512,40323551,3222.7902014066494,377049277113457413,3329311880039632165,pass,MPFR,0,host-1
binary4096,4096,4077,19,fma,ordinary,binary,1,0,4,7984,512,40088492,5021.10370741483,16536601428542794079,17473937434983530277,pass,binary-interchange fused multiply-add exact baseline,0,host-1
binary4096,4096,4077,19,fma,ordinary,mpfr,1,1,4,22208,512,41359913,1862.3880133285302,16836281897919274661,17473937434983530277,pass,MPFR,0,host-1
binary4096,4096,4077,19,fma,ordinary,mpfr,2,0,4,22208,512,40313590,1815.2733249279538,16836281897919274661,17473937434983530277,pass,MPFR,0,host-1
binary4096,4096,4077,19,fma,ordinary,binary,2,1,4,7984,512,40167709,5031.025676352705,16536601428542794079,17473937434983530277,pass,binary-interchange fused multiply-add exact baseline,0,host-1
binary4096,4096,4077,19,fma,ordinary,binary,3,0,4,7984,512,40218239,5037.354584168336,16536601428542794079,17473937434983530277,pass,binary-interchange fused multiply-add exact baseline,0,host-1
binary4096,4096,4077,19,fma,ordinary,mpfr,3,1,4,22208,512,40197363,1810.039760446686,16836281897919274661,17473937434983530277,pass,MPFR,0,host-1
binary16,16,11,5,add,ordinary,binary,1,0,4,2583360,512,40212730,15.566057382633469,12435861710621851861,11297708586472096933,pass,binary-interchange addition native-word kernel,0,host-1
binary16,16,11,5,add,ordinary,mpfr,1,1,4,1580352,512,40778269,25.803282433280685,15254763815034939989,11297708586472096933,pass,MPFR,0,host-1
binary16,16,11,5,add,ordinary,mpfr,2,0,4,1580352,512,39923728,25.262554165148018,15254763815034939989,11297708586472096933,pass,MPFR,0,host-1
binary16,16,11,5,add,ordinary,binary,2,1,4,2583360,512,40982422,15.863999597423511,12435861710621851861,11297708586472096933,pass,binary-interchange addition native-word kernel,0,host-1
binary16,16,11,5,add,ordinary,binary,3,0,4,2583360,512,39920419,15.452905905487427,12435861710621851861,11297708586472096933,pass,binary-interchange addition native-word kernel,0,host-1
binary16,16,11,5,add,ordinary,mpfr,3,1,4,1580352,512,39998084,25.30960444255457,15254763815034939989,11297708586472096933,pass,MPFR,0,host-1
binary16,16,11,5,sub,ordinary,binary,1,0,4,2573984,512,40338295,15.671540693337644,12140317482827255869,320620160048074917,pass,binary-interchange subtraction native-word kernel,0,host-1
binary16,16,11,5,sub,ordinary,mpfr,1,1,4,1512384,512,39219431,25.932191163090856,9254690563774434901,320620160048074917,pass,MPFR,0,host-1
binary16,16,11,5,sub,ordinary,mpfr,2,0,4,1512384,512,39101354,25.85411773729423,9254690563774434901,320620160048074917,pass,MPFR,0,host-1
binary16,16,11,5,sub,ordinary,binary,2,1,4,2573984,512,44508490,17.29167314171339,12140317482827255869,320620160048074917,pass,binary-interchange subtraction native-word kernel,0,host-1
binary16,16,11,5,sub,ordinary,binary,3,0,4,2573984,512,40319402,15.664200709872322,12140317482827255869,320620160048074917,pass,binary-interchange subtraction native-word kernel,0,host-1
binary16,16,11,5,sub,ordinary,mpfr,3,1,4,1512384,512,39422721,26.066608083661293,9254690563774434901,320620160048074917,pass,MPFR,0,host-1
binary16,16,11,5,mul,ordinary,binary,1,0,4,3677392,512,40645420,11.052784147025935,13708674668864828631,16429193190392635749,pass,binary-interchange multiplication native-word kernel,0,host-1
binary16,16,11,5,mul,ordinary,mpfr,1,1,4,1274176,512,36385036,28.55573798282184,8964114336088864733,16429193190392635749,pass,MPFR,0,host-1
binary16,16,11,5,mul,ordinary,mpfr,2,0,4,1274176,512,36155109,28.37528645964137,8964114336088864733,16429193190392635749,pass,MPFR,0,host-1
binary16,16,11,5,mul,ordinary,binary,2,1,4,3677392,512,40599565,11.040314712165578,13708674668864828631,16429193190392635749,pass,binary-interchange multiplication native-word kernel,0,host-1
binary16,16,11,5,mul,ordinary,binary,3,0,4,3677392,512,40484081,11.0089109347059,13708674668864828631,16429193190392635749,pass,binary-interchange multiplication native-word kernel,0,host-1
binary16,16,11,5,mul,ordinary,mpfr,3,1,4,1274176,512,36159777,28.37895000376714,8964114336088864733,16429193190392635749,pass,MPFR,0,host-1
binary16,16,11,5,div,ordinary,binary,1,0,4,467344,512,40043807,85.68379395049472,16122229686898815191,1699204135674600613,pass,binary-interchange division native-word kernel,0,host-1
binary16,16,11,5,div,ordinary,mpfr,1,1,4,1207440,512,39854044,33.00705956403631,14591739486637045271,1699204135674600613,pass,MPFR,0,host-1
binary16,16,11,5,div,ordinary,mpfr,2,0,4,1207440,512,39400304,32.631272775458825,14591739486637045271,1699204135674600613,pass,MPFR,0,host-1
binary16,16,11,5,div,ordinary,binary,2,1,4,467344,512,39335588,84.16838132082577,16122229686898815191,1699204135674600613,pass,binary-interchange division native-word kernel,0,host-1
binary16,16,11,5,div,ordinary,binary,3,0,4,467344,512,39979768,85.54676640761409,16122229686898815191,1699204135674600613,pass,binary-interchange division native-word kernel,0,host-1
binary16,16,11,5,div,ordinary,mpfr,3,1,4,1207440,512,39284318,32.535213343934274,14591739486637045271,1699204135674600613,pass,MPFR,0,host-1
binary16,16,11,5,sqrt,ordinary,binary,1,0,4,31120,512,41437944,1331.553470437018,10125589642385060655,800851333098370405,pass,binary-interchange square root native-word kernel,0,host-1
binary16,16,11,5,sqrt,ordinary,mpfr,1,1,4,1365920,512,40697674,29.795064132599272,3825574787183147969,800851333098370405,pass,MPFR,0,host-1
binary16,16,11,5,sqrt,ordinary,mpfr,2,0,4,1365920,512,40837048,29.897100855101325,3825574787183147969,800851333098370405,pass,MPFR,0,host-1
binary16,16,11,5,sqrt,ordinary,binary,2,1,4,31120,512,39624720,1273.2879177377893,10125589642385060655,800851333098370405,pass,binary-interchange square root native-word kernel,0,host-1
binary16,16,11,5,sqrt,ordinary,binary,3,0,4,31120,512,40198973,1291.7407776349614,10125589642385060655,800851333098370405,pass,binary-interchange square root native-word kernel,0,host-1
binary16,16,11,5,sqrt,ordinary,mpfr,3,1,4,1365920,512,41630820,30.478227128968022,3825574787183147969,800851333098370405,pass,MPFR,0,host-1
binary16,16,11,5,fma,ordinary,binary,1,0,4,140880,512,39884436,283.10928449744466,16575702484862605783,5449723661925685413,pass,binary-interchange fused multiply-add native-word kernel,0,host-1
binary16,16,11,5,fma,ordinary,mpfr,1,1,4,919296,512,40239763,43.77236820349485,13456489120553171685,5449723661925685413,pass,MPFR,0,host-1
binary16,16,11,5,fma,ordinary,mpfr,2,0,4,919296,512,40432754,43.9823016743247,13456489120553171685,5449723661925685413,pass,MPFR,0,host-1
binary16,16,11,5,fma,ordinary,binary,2,1,4,140880,512,39435636,279.92359454855193,16575702484862605783,5449723661925685413,pass,binary-interchange fused multiply-add native-word kernel,0,host-1
binary16,16,11,5,fma,ordinary,binary,3,0,4,140880,512,39581417,280.9583830210108,16575702484862605783,5449723661925685413,pass,binary-interchange fused multiply-add native-word kernel,0,host-1
binary16,16,11,5,fma,ordinary,mpfr,3,1,4,919296,512,41597404,45.24919503620161,13456489120553171685,5449723661925685413,pass,MPFR,0,host-1
bfloat16,16,8,8,add,ordinary,binary,1,0,4,2508368,512,40284224,16.059933789619386,16598068006099622842,14001294067939604069,pass,binary-interchange addition native-word kernel,0,host-1
bfloat16,16,8,8,add,ordinary,mpfr,1,1,4,1625552,512,40898652,25.159854621691586,7645333988479161738,14001294067939604069,pass,MPFR,0,host-1
bfloat16,16,8,8,add,ordinary,mpfr,2,0,4,1625552,512,40202740,24.73174650826304,7645333988479161738,14001294067939604069,pass,MPFR,0,host-1
bfloat16,16,8,8,add,ordinary,binary,2,1,4,2508368,512,39947397,15.925652456098945,16598068006099622842,14001294067939604069,pass,binary-interchange addition native-word kernel,0,host-1
bfloat16,16,8,8,add,ordinary,binary,3,0,4,2508368,512,40269156,16.05392669656127,16598068006099622842,14001294067939604069,pass,binary-interchange addition native-word kernel,0,host-1
bfloat16,16,8,8,add,ordinary,mpfr,3,1,4,1625552,512,40188461,24.722962415228796,7645333988479161738,14001294067939604069,pass,MPFR,0,host-1
bfloat16,16,8,8,sub,ordinary,binary,1,0,4,2535168,512,40425161,15.945752313061698,11267124616254507365,2058658154958438821,pass,binary-interchange subtraction native-word kernel,0,host-1
bfloat16,16,8,8,sub,ordinary,mpfr,1,1,4,1540768,512,83257214,54.036178061849675,3108678513975191485,2058658154958438821,pass,MPFR,0,host-1
bfloat16,16,8,8,sub,ordinary,mpfr,2,0,4,1540768,512,39898650,25.89530026584145,3108678513975191485,2058658154958438821,pass,MPFR,0,host-1
bfloat16,16,8,8,sub,ordinary,binary,2,1,4,2535168,512,40364073,15.921656079597092,11267124616254507365,2058658154958438821,pass,binary-interchange subtraction native-word kernel,0,host-1
bfloat16,16,8,8,sub,ordinary,binary,3,0,4,2535168,512,40336652,15.910839833888721,11267124616254507365,2058658154958438821,pass,binary-interchange subtraction native-word kernel,0,host-1
bfloat16,16,8,8,sub,ordinary,mpfr,3,1,4,1540768,512,40015124,25.97089503416478,3108678513975191485,2058658154958438821,pass,MPFR,0,host-1
bfloat16,16,8,8,mul,ordinary,binary,1,0,4,3295936,512,39974666,12.128471547991223,17532953662503695301,214423662615525413,pass,binary-interchange multiplication native-word kernel,0,host-1
bfloat16,16,8,8,mul,ordinary,mpfr,1,1,4,1461664,512,40005461,27.36980660398012,18301781072224238613,214423662615525413,pass,MPFR,0,host-1
bfloat16,16,8,8,mul,ordinary,mpfr,2,0,4,1461664,512,41059459,28.090901192066028,18301781072224238613,214423662615525413,pass,MPFR,0,host-1
bfloat16,16,8,8,mul,ordinary,binary,2,1,4,3295936,512,39837001,12.086703443270743,17532953662503695301,214423662615525413,pass,binary-interchange multiplication native-word kernel,0,host-1
bfloat16,16,8,8,mul,ordinary,binary,3,0,4,3295936,512,40483930,12.282984256975864,17532953662503695301,214423662615525413,pass,binary-interchange multiplication native-word kernel,0,host-1
bfloat16,16,8,8,mul,ordinary,mpfr,3,1,4,1461664,512,40206741,27.50751267049062,18301781072224238613,214423662615525413,pass,MPFR,0,host-1
bfloat16,16,8,8,div,ordinary,binary,1,0,4,521120,512,40232100,77.2031393920786,2182473563483071797,5189206347657564197,pass,binary-interchange division native-word kernel,0,host-1
bfloat16,16,8,8,div,ordinary,mpfr,1,1,4,1203696,512,40476299,33.626678995360955,16074948785957662906,5189206347657564197,pass,MPFR,0,host-1
bfloat16,16,8,8,div,ordinary,mpfr,2,0,4,1203696,512,41639461,34.593004379843414,16074948785957662906,5189206347657564197,pass,MPFR,0,host-1
bfloat16,16,8,8,div,ordinary,binary,2,1,4,521120,512,39906501,76.57833320540375,2182473563483071797,5189206347657564197,pass,binary-interchange division native-word kernel,0,host-1
bfloat16,16,8,8,div,ordinary,binary,3,0,4,521120,512,39736828,76.25274025176543,2182473563483071797,5189206347657564197,pass,binary-interchange division native-word kernel,0,host-1
bfloat16,16,8,8,div,ordinary,mpfr,3,1,4,1203696,512,40255312,33.443088620382554,16074948785957662906,5189206347657564197,pass,MPFR,0,host-1
bfloat16,16,8,8,sqrt,ordinary,binary,1,0,4,31472,512,39964234,1269.834583121505,3919063542787845420,1044048073486358309,pass,binary-interchange square root native-word kernel,0,host-1
bfloat16,16,8,8,sqrt,ordinary,mpfr,1,1,4,1194288,512,38969873,32.630213985236395,783565376479764140,1044048073486358309,pass,MPFR,0,host-1
bfloat16,16,8,8,sqrt,ordinary,mpfr,2,0,4,1194288,512,38776670,32.46844144795895,783565376479764140,1044048073486358309,pass,MPFR,0,host-1
bfloat16,16,8,8,sqrt,ordinary,binary,2,1,4,31472,512,39762921,1263.4380083884087,3919063542787845420,1044048073486358309,pass,binary-interchange square root native-word kernel,0,host-1
bfloat16,16,8,8,sqrt,ordinary,binary,3,0,4,31472,512,40012924,1271.3816725978647,3919063542787845420,1044048073486358309,pass,binary-interchange square root native-word kernel,0,host-1
bfloat16,16,8,8,sqrt,ordinary,mpfr,3,1,4,1194288,512,39469262,33.048361869163884,783565376479764140,1044048073486358309,pass,MPFR,0,host-1
bfloat16,16,8,8,fma,ordinary,binary,1,0,4,139232,512,39847934,286.19810101126177,1692271335706199629,12758007961727648933,pass,binary-interchange fused multiply-add native-word kernel,0,host-1
bfloat16,16,8,8,fma,ordinary,mpfr,1,1,4,912928,512,40311153,44.155895097970486,15181815437953571357,12758007961727648933,pass,MPFR,0,host-1
bfloat16,16,8,8,fma,ordinary,mpfr,2,0,4,912928,512,40363178,44.212882067370046,15181815437953571357,12758007961727648933,pass,MPFR,0,host-1
bfloat16,16,8,8,fma,ordinary,binary,2,1,4,139232,512,41304689,296.6608897379913,1692271335706199629,12758007961727648933,pass,binary-interchange fused multiply-add native-word kernel,0,host-1
bfloat16,16,8,8,fma,ordinary,binary,3,0,4,139232,512,39442300,283.2847333946219,1692271335706199629,12758007961727648933,pass,binary-interchange fused multiply-add native-word kernel,0,host-1
bfloat16,16,8,8,fma,ordinary,mpfr,3,1,4,912928,512,40336081,44.18320064671037,15181815437953571357,12758007961727648933,pass,MPFR,0,host-1
binary8e5m2,8,3,5,add,ordinary,binary,1,0,4,71024,512,39698264,558.9415408875873,2788315411058004741,4531191540688084773,pass,binary-interchange addition native-word kernel,0,host-1
binary8e5m2,8,3,5,add,ordinary,mpfr,1,1,4,1702656,512,39757097,23.35004663302511,10449998796421171493,4531191540688084773,pass,MPFR,0,host-1
binary8e5m2,8,3,5,add,ordinary,mpfr,2,0,4,1702656,512,39586439,23.24981616956097,10449998796421171493,4531191540688084773,pass,MPFR,0,host-1
binary8e5m2,8,3,5,add,ordinary,binary,2,1,4,71024,512,41471013,583.9013995269205,2788315411058004741,4531191540688084773,pass,binary-interchange addition native-word kernel,0,host-1
binary8e5m2,8,3,5,add,ordinary,binary,3,0,4,71024,512,39720362,559.2526751520613,2788315411058004741,4531191540688084773,pass,binary-interchange addition native-word kernel,0,host-1
binary8e5m2,8,3,5,add,ordinary,mpfr,3,1,4,1702656,512,40720222,23.915706989550443,10449998796421171493,4531191540688084773,pass,MPFR,0,host-1
binary8e5m2,8,3,5,sub,ordinary,binary,1,0,4,64960,512,37340802,574.8276169950739,11919625385443260021,725278766508926117,pass,binary-interchange subtraction native-word kernel,0,host-1
binary8e5m2,8,3,5,sub,ordinary,mpfr,1,1,4,1656416,512,40396590,24.38794964549968,9543769020582873149,725278766508926117,pass,MPFR,0,host-1
binary8e5m2,8,3,5,sub,ordinary,mpfr,2,0,4,1656416,512,40961424,24.728947317582058,9543769020582873149,725278766508926117,pass,MPFR,0,host-1
binary8e5m2,8,3,5,sub,ordinary,binary,2,1,4,64960,512,37226535,573.0685806650247,11919625385443260021,725278766508926117,pass,binary-interchange subtraction native-word kernel,0,host-1
binary8e5m2,8,3,5,sub,ordinary,binary,3,0,4,64960,512,37090703,570.9775708128079,11919625385443260021,725278766508926117,pass,binary-interchange subtraction native-word kernel,0,host-1
binary8e5m2,8,3,5,sub,ordinary,mpfr,3,1,4,1656416,512,40373259,24.373864415702336,9543769020582873149,725278766508926117,pass,MPFR,0,host-1
binary8e5m2,8,3,5,mul,ordinary,binary,1,0,4,71856,512,39273012,546.5516032064128,3070302152402531384,16229063070980969445,pass,binary-interchange multiplication native-word kernel,0,host-1
binary8e5m2,8,3,5,mul,ordinary,mpfr,1,1,4,1580960,512,40465373,25.59544390749924,14617520181107894137,16229063070980969445,pass,MPFR,0,host-1
binary8e5m2,8,3,5,mul,ordinary,mpfr,2,0,4,1580960,512,41412352,26.194433761765005,14617520181107894137,16229063070980969445,pass,MPFR,0,host-1
binary8e5m2,8,3,5,mul,ordinary,binary,2,1,4,71856,512,39380330,548.0451180138053,3070302152402531384,16229063070980969445,pass,binary-interchange multiplication native-word kernel,0,host-1
binary8e5m2,8,3,5,mul,ordinary,binary,3,0,4,71856,512,39350227,547.6261829213984,3070302152402531384,16229063070980969445,pass,binary-interchange multiplication native-word kernel,0,host-1
binary8e5m2,8,3,5,mul,ordinary,mpfr,3,1,4,1580960,512,41201342,26.060964224268798,14617520181107894137,16229063070980969445,pass,MPFR,0,host-1
binary8e5m2,8,3,5,div,ordinary,binary,1,0,4,63744,512,39994997,627.4315543423695,15385902592547265541,6463890291304127845,pass,binary-interchange division native-word kernel,0,host-1
binary8e5m2,8,3,5,div,ordinary,mpfr,1,1,4,1361520,512,39539907,29.041003437334744,13952680618976588995,6463890291304127845,pass,MPFR,0,host-1
binary8e5m2,8,3,5,div,ordinary,mpfr,2,0,4,1361520,512,39200961,28.792056671954875,13952680618976588995,6463890291304127845,pass,MPFR,0,host-1
binary8e5m2,8,3,5,div,ordinary,binary,2,1,4,63744,512,39925225,626.3369885793172,15385902592547265541,6463890291304127845,pass,binary-interchange division native-word kernel,0,host-1
binary8e5m2,8,3,5,div,ordinary,binary,3,0,4,63744,512,41385922,649.2520394076305,15385902592547265541,6463890291304127845,pass,binary-interchange division native-word kernel,0,host-1
binary8e5m2,8,3,5,div,ordinary,mpfr,3,1,4,1361520,512,39582438,29.072241318526352,13952680618976588995,6463890291304127845,pass,MPFR,0,host-1
binary8e5m2,8,3,5,sqrt,ordinary,binary,1,0,4,1731584,512,40182661,23.205724354117386,8691809022790211941,5244615876690378469,pass,binary-interchange square root exhaustive table,0,host-1
binary8e5m2,8,3,5,sqrt,ordinary,mpfr,1,1,4,1432976,512,39629184,27.65516240327821,13106720201951080411,5244615876690378469,pass,MPFR,0,host-1
binary8e5m2,8,3,5,sqrt,ordinary,mpfr,2,0,4,1432976,512,39684086,27.693475675796385,13106720201951080411,5244615876690378469,pass,MPFR,0,host-1
binary8e5m2,8,3,5,sqrt,ordinary,binary,2,1,4,1731584,512,39774397,22.969949479782674,8691809022790211941,5244615876690378469,pass,binary-interchange square root exhaustive table,0,host-1
binary8e5m2,8,3,5,sqrt,ordinary,binary,3,0,4,1731584,512,40296539,23.27148957255322,8691809022790211941,5244615876690378469,pass,binary-interchange square root exhaustive table,0,host-1
binary8e5m2,8,3,5,sqrt,ordinary,mpfr,3,1,4,1432976,512,39739680,27.732271859403088,13106720201951080411,5244615876690378469,pass,MPFR,0,host-1
binary8e5m2,8,3,5,fma,ordinary,binary,1,0,4,29872,512,40627867,1360.0651780931976,5635207361501036872,1281342632779951205,pass,binary-interchange fused multiply-add exact baseline,0,host-1
binary8e5m2,8,3,5,fma,ordinary,mpfr,1,1,4,965696,512,40224811,41.653699507919676,12522874250205071421,1281342632779951205,pass,MPFR,0,host-1
binary8e5m2,8,3,5,fma,ordinary,mpfr,2,0,4,965696,512,40441487,41.87807239545364,12522874250205071421,1281342632779951205,pass,MPFR,0,host-1
binary8e5m2,8,3,5,fma,ordinary,binary,2,1,4,29872,512,40218807,1346.3714180503482,5635207361501036872,1281342632779951205,pass,binary-interchange fused multiply-add exact baseline,0,host-1
binary8e5m2,8,3,5,fma,ordinary,binary,3,0,4,29872,512,40965779,1371.377175950723,5635207361501036872,1281342632779951205,pass,binary-interchange fused multiply-add exact baseline,0,host-1
binary8e5m2,8,3,5,fma,ordinary,mpfr,3,1,4,965696,512,43429979,44.97272330008616,12522874250205071421,1281342632779951205,pass,MPFR,0,host-1
binary7e3m3,7,4,3,add,ordinary,binary,1,0,4,226816,512,37747576,166.42377962753952,18005557373131717669,11849727631782874213,pass,binary-interchange addition exhaustive table,0,host-1
binary7e3m3,7,4,3,add,ordinary,mpfr,1,1,4,1650016,512,39659648,24.03591722746931,14059175142208405201,11849727631782874213,pass,MPFR,0,host-1
binary7e3m3,7,4,3,add,ordinary,mpfr,2,0,4,1650016,512,39537248,23.961736128619357,14059175142208405201,11849727631782874213,pass,MPFR,0,host-1
binary7e3m3,7,4,3,add,ordinary,binary,2,1,4,226816,512,38905405,171.5284856447517,18005557373131717669,11849727631782874213,pass,binary-interchange addition exhaustive table,0,host-1
binary7e3m3,7,4,3,add,ordinary,binary,3,0,4,226816,512,37169248,163.87401241534988,18005557373131717669,11849727631782874213,pass,binary-interchange addition exhaustive table,0,host-1
binary7e3m3,7,4,3,add,ordinary,mpfr,3,1,4,1650016,512,40961709,24.82503745418226,14059175142208405201,11849727631782874213,pass,MPFR,0,host-1
binary7e3m3,7,4,3,sub,ordinary,binary,1,0,4,241824,512,41898668,173.2609997353447,281371821629308285,6235357527976992165,pass,binary-interchange subtraction exhaustive table,0,host-1
binary7e3m3,7,4,3,sub,ordinary,mpfr,1,1,4,1506688,512,38640957,25.646289742800104,10347875479421315077,6235357527976992165,pass,MPFR,0,host-1
binary7e3m3,7,4,3,sub,ordinary,mpfr,2,0,4,1506688,512,38961638,25.85912810084105,10347875479421315077,6235357527976992165,pass,MPFR,0,host-1
binary7e3m3,7,4,3,sub,ordinary,binary,2,1,4,241824,512,41533109,171.74932595606722,281371821629308285,6235357527976992165,pass,binary-interchange subtraction exhaustive table,0,host-1
binary7e3m3,7,4,3,sub,ordinary,binary,3,0,4,241824,512,40842939,168.8953081579992,281371821629308285,6235357527976992165,pass,binary-interchange subtraction exhaustive table,0,host-1
binary7e3m3,7,4,3,sub,ordinary,mpfr,3,1,4,1506688,512,39144048,25.98019497069068,10347875479421315077,6235357527976992165,pass,MPFR,0,host-1
binary7e3m3,7,4,3,mul,ordinary,binary,1,0,4,243408,512,40149157,164.94592207322685,9193587422576059840,9338037664607686437,pass,binary-interchange multiplication exhaustive table,0,host-1
binary7e3m3,7,4,3,mul,ordinary,mpfr,1,1,4,1416720,512,40112490,28.313632898526173,18248803964132767040,9338037664607686437,pass,MPFR,0,host-1
binary7e3m3,7,4,3,mul,ordinary,mpfr,2,0,4,1416720,512,40167386,28.352381557400193,18248803964132767040,9338037664607686437,pass,MPFR,0,host-1
binary7e3m3,7,4,3,mul,ordinary,binary,2,1,4,243408,512,41986109,172.4927241503977,9193587422576059840,9338037664607686437,pass,binary-interchange multiplication exhaustive table,0,host-1
binary7e3m3,7,4,3,mul,ordinary,binary,3,0,4,243408,512,41523092,170.59049825806875,9193587422576059840,9338037664607686437,pass,binary-interchange multiplication exhaustive table,0,host-1
binary7e3m3,7,4,3,mul,ordinary,mpfr,3,1,4,1416720,512,42005071,29.64952213563725,18248803964132767040,9338037664607686437,pass,MPFR,0,host-1
binary7e3m3,7,4,3,div,ordinary,binary,1,0,4,243312,512,40130802,164.9355642138489,1344190082215523180,14917880076001667813,pass,binary-interchange division exhaustive table,0,host-1
binary7e3m3,7,4,3,div,ordinary,mpfr,1,1,4,1242880,512,40339679,32.45661608522142,632500748464777925,14917880076001667813,pass,MPFR,0,host-1
binary7e3m3,7,4,3,div,ordinary,mpfr,2,0,4,1242880,512,40979879,32.971710060504634,632500748464777925,14917880076001667813,pass,MPFR,0,host-1
binary7e3m3,7,4,3,div,ordinary,binary,2,1,4,243312,512,40307703,165.66261836654172,1344190082215523180,14917880076001667813,pass,binary-interchange division exhaustive table,0,host-1
binary7e3m3,7,4,3,div,ordinary,binary,3,0,4,243312,512,40086956,164.7553593739725,1344190082215523180,14917880076001667813,pass,binary-interchange division exhaustive table,0,host-1
binary7e3m3,7,4,3,div,ordinary,mpfr,3,1,4,1242880,512,40830183,32.85126721807415,632500748464777925,14917880076001667813,pass,MPFR,0,host-1
binary7e3m3,7,4,3,sqrt,ordinary,binary,1,0,4,1751328,512,40016147,22.849030564234685,13290577102473378817,12071841461278344293,pass,binary-interchange square root exhaustive table,0,host-1
binary7e3m3,7,4,3,sqrt,ordinary,mpfr,1,1,4,1361600,512,40963315,30.08469080493537,13414868694500460253,12071841461278344293,pass,MPFR,0,host-1
binary7e3m3,7,4,3,sqrt,ordinary,mpfr,2,0,4,1361600,512,40305909,29.60187206227967,13414868694500460253,12071841461278344293,pass,MPFR,0,host-1
binary7e3m3,7,4,3,sqrt,ordinary,binary,2,1,4,1751328,512,40141171,22.92041867657001,13290577102473378817,12071841461278344293,pass,binary-interchange square root exhaustive table,0,host-1
binary7e3m3,7,4,3,sqrt,ordinary,binary,3,0,4,1751328,512,39992384,22.835462003690914,13290577102473378817,12071841461278344293,pass,binary-interchange square root exhaustive table,0,host-1
binary7e3m3,7,4,3,sqrt,ordinary,mpfr,3,1,4,1361600,512,39782087,29.21716142773208,13414868694500460253,12071841461278344293,pass,MPFR,0,host-1
binary7e3m3,7,4,3,fma,ordinary,binary,1,0,4,30384,512,39907155,1313.426639020537,5044615557812698437,17092170900194703141,pass,binary-interchange fused multiply-add exact baseline,0,host-1
binary7e3m3,7,4,3,fma,ordinary,mpfr,1,1,4,943856,512,40734400,43.157430794527976,14338664439425462213,17092170900194703141,pass,MPFR,0,host-1
binary7e3m3,7,4,3,fma,ordinary,mpfr,2,0,4,943856,512,40236474,42.62988633859402,14338664439425462213,17092170900194703141,pass,MPFR,0,host-1
binary7e3m3,7,4,3,fma,ordinary,binary,2,1,4,30384,512,39841666,1311.2712611901,5044615557812698437,17092170900194703141,pass,binary-interchange fused multiply-add exact baseline,0,host-1
binary7e3m3,7,4,3,fma,ordinary,binary,3,0,4,30384,512,39845279,1311.390172459189,5044615557812698437,17092170900194703141,pass,binary-interchange fused multiply-add exact baseline,0,host-1
binary7e3m3,7,4,3,fma,ordinary,mpfr,3,1,4,943856,512,40134801,42.52216545744266,14338664439425462213,17092170900194703141,pass,MPFR,0,host-1
binary8e4m3,8,4,4,add,ordinary,binary,1,0,4,72784,512,40050866,550.2701967465377,8767262959113459583,608414954547909477,pass,binary-interchange addition native-word kernel,0,host-1
binary8e4m3,8,4,4,add,ordinary,mpfr,1,1,4,1623712,512,39779940,24.499381663743325,10380699317193030313,608414954547909477,pass,MPFR,0,host-1
binary8e4m3,8,4,4,add,ordinary,mpfr,2,0,4,1623712,512,39583796,24.37858191600481,10380699317193030313,608414954547909477,pass,MPFR,0,host-1
binary8e4m3,8,4,4,add,ordinary,binary,2,1,4,72784,512,40017166,549.8071828973401,8767262959113459583,608414954547909477,pass,binary-interchange addition native-word kernel,0,host-1
binary8e4m3,8,4,4,add,ordinary,binary,3,0,4,72784,512,39974466,549.2205154979116,8767262959113459583,608414954547909477,pass,binary-interchange addition native-word kernel,0,host-1
binary8e4m3,8,4,4,add,ordinary,mpfr,3,1,4,1623712,512,39584155,24.378803014327666,10380699317193030313,608414954547909477,pass,MPFR,0,host-1
binary8e4m3,8,4,4,sub,ordinary,binary,1,0,4,72480,512,39962277,551.3559188741722,12283420490901840477,9874674863015010981,pass,binary-interchange subtraction native-word kernel,0,host-1
binary8e4m3,8,4,4,sub,ordinary,mpfr,1,1,4,1547264,512,40053474,25.886645071558572,15755489626807186853,9874674863015010981,pass,MPFR,0,host-1
binary8e4m3,8,4,4,sub,ordinary,mpfr,2,0,4,1547264,512,40054382,25.887231913881536,15755489626807186853,9874674863015010981,pass,MPFR,0,host-1
binary8e4m3,8,4,4,sub,ordinary,binary,2,1,4,72480,512,40990235,565.5385623620309,12283420490901840477,9874674863015010981,pass,binary-interchange subtraction native-word kernel,0,host-1
binary8e4m3,8,4,4,sub,ordinary,binary,3,0,4,72480,512,39993218,551.7828090507726,12283420490901840477,9874674863015010981,pass,binary-interchange subtraction native-word kernel,0,host-1
binary8e4m3,8,4,4,sub,ordinary,mpfr,3,1,4,1547264,512,39881149,25.775271059108206,15755489626807186853,9874674863015010981,pass,MPFR,0,host-1
binary8e4m3,8,4,4,mul,ordinary,binary,1,0,4,73520,512,40456773,550.2825489662677,4922214920056199303,10196156054197291621,pass,binary-interchange multiplication native-word kernel,0,host-1
binary8e4m3,8,4,4,mul,ordinary,mpfr,1,1,4,1562960,512,40555567,25.947923811229973,704690411597803211,10196156054197291621,pass,MPFR,0,host-1
binary8e4m3,8,4,4,mul,ordinary,mpfr,2,0,4,1562960,512,39946222,25.558057787787277,704690411597803211,10196156054197291621,pass,MPFR,0,host-1
binary8e4m3,8,4,4,mul,ordinary,binary,2,1,4,73520,512,40100877,545.4417437431991,4922214920056199303,10196156054197291621,pass,binary-interchange multiplication native-word kernel,0,host-1
binary8e4m3,8,4,4,mul,ordinary,binary,3,0,4,73520,512,40321413,548.4414173014146,4922214920056199303,10196156054197291621,pass,binary-interchange multiplication native-word kernel,0,host-1
binary8e4m3,8,4,4,mul,ordinary,mpfr,3,1,4,1562960,512,39760366,25.439144955725034,704690411597803211,10196156054197291621,pass,MPFR,0,host-1
binary8e4m3,8,4,4,div,ordinary,binary,1,0,4,63504,512,40629415,639.793005165029,17887640981803678159,4882809093551804645,pass,binary-interchange division native-word kernel,0,host-1
binary8e4m3,8,4,4,div,ordinary,mpfr,1,1,4,1232944,512,40013946,32.45398493362229,6427412603424199675,4882809093551804645,pass,MPFR,0,host-1
binary8e4m3,8,4,4,div,ordinary,mpfr,2,0,4,1232944,512,40177993,32.58703801632515,6427412603424199675,4882809093551804645,pass,MPFR,0,host-1
binary8e4m3,8,4,4,div,ordinary,binary,2,1,4,63504,512,39898211,628.2787068531117,17887640981803678159,4882809093551804645,pass,binary-interchange division native-word kernel,0,host-1
binary8e4m3,8,4,4,div,ordinary,binary,3,0,4,63504,512,39868091,627.8044060216679,17887640981803678159,4882809093551804645,pass,binary-interchange division native-word kernel,0,host-1
binary8e4m3,8,4,4,div,ordinary,mpfr,3,1,4,1232944,512,40250427,32.64578683216756,6427412603424199675,4882809093551804645,pass,MPFR,0,host-1
binary8e4m3,8,4,4,sqrt,ordinary,binary,1,0,4,1742544,512,40129502,23.029261814909695,12515364322219082564,4877751417201034341,pass,binary-interchange square root exhaustive table,0,host-1
binary8e4m3,8,4,4,sqrt,ordinary,mpfr,1,1,4,1299488,512,38273674,29.452887598808147,6518698915184449889,4877751417201034341,pass,MPFR,0,host-1
binary8e4m3,8,4,4,sqrt,ordinary,mpfr,2,0,4,1299488,512,38062891,29.29068294589869,6518698915184449889,4877751417201034341,pass,MPFR,0,host-1
binary8e4m3,8,4,4,sqrt,ordinary,binary,2,1,4,1742544,512,40135779,23.03286401950252,12515364322219082564,4877751417201034341,pass,binary-interchange square root exhaustive table,0,host-1
binary8e4m3,8,4,4,sqrt,ordinary,binary,3,0,4,1742544,512,40026820,22.970335325822475,12515364322219082564,4877751417201034341,pass,binary-interchange square root exhaustive table,0,host-1
binary8e4m3,8,4,4,sqrt,ordinary,mpfr,3,1,4,1299488,512,37975625,29.223528805190966,6518698915184449889,4877751417201034341,pass,MPFR,0,host-1
binary8e4m3,8,4,4,fma,ordinary,binary,1,0,4,29984,512,39968488,1332.99386339381,14530166799794143809,13281972241006308837,pass,binary-interchange fused multiply-add exact baseline,0,host-1
binary8e4m3,8,4,4,fma,ordinary,mpfr,1,1,4,936320,512,39447195,42.130035671565274,1990019022354077109,13281972241006308837,pass,MPFR,0,host-1
binary8e4m3,8,4,4,fma,ordinary,mpfr,2,0,4,936320,512,41565331,44.392228084415585,1990019022354077109,13281972241006308837,pass,MPFR,0,host-1
binary8e4m3,8,4,4,fma,ordinary,binary,2,1,4,29984,512,39924752,1331.5352187833512,14530166799794143809,13281972241006308837,pass,binary-interchange fused multiply-add exact baseline,0,host-1
binary8e4m3,8,4,4,fma,ordinary,binary,3,0,4,29984,512,40040455,1335.3940434898614,14530166799794143809,13281972241006308837,pass,binary-interchange fused multiply-add exact baseline,0,host-1
binary8e4m3,8,4,4,fma,ordinary,mpfr,3,1,4,936320,512,39377288,42.055374231032125,1990019022354077109,13281972241006308837,pass,MPFR,0,host-1
binary9e4m4,9,5,4,add,ordinary,binary,1,0,4,2797648,512,39645373,14.17096539664747,16353382406603674605,10474455695401303077,pass,binary-interchange addition native-word kernel,0,host-1
binary9e4m4,9,5,4,add,ordinary,mpfr,1,1,4,1681168,512,40150596,23.882560220037497,12224275788859952077,10474455695401303077,pass,MPFR,0,host-1
binary9e4m4,9,5,4,add,ordinary,mpfr,2,0,4,1681168,512,40052490,23.824204362681183,12224275788859952077,10474455695401303077,pass,MPFR,0,host-1
binary9e4m4,9,5,4,add,ordinary,binary,2,1,4,2797648,512,39615375,14.160242818253046,16353382406603674605,10474455695401303077,pass,binary-interchange addition native-word kernel,0,host-1
binary9e4m4,9,5,4,add,ordinary,binary,3,0,4,2797648,512,39459079,14.104375890033342,16353382406603674605,10474455695401303077,pass,binary-interchange addition native-word kernel,0,host-1
binary9e4m4,9,5,4,add,ordinary,mpfr,3,1,4,1681168,512,40042899,23.818499400416854,12224275788859952077,10474455695401303077,pass,MPFR,0,host-1
binary9e4m4,9,5,4,sub,ordinary,binary,1,0,4,2786576,512,40338935,14.476165372844667,733837015788199885,15795976897282312997,pass,binary-interchange subtraction native-word kernel,0,host-1
binary9e4m4,9,5,4,sub,ordinary,mpfr,1,1,4,1628480,512,40149227,24.65441823049715,18119867332385821221,15795976897282312997,pass,MPFR,0,host-1
binary9e4m4,9,5,4,sub,ordinary,mpfr,2,0,4,1628480,512,39943139,24.52786586264492,18119867332385821221,15795976897282312997,pass,MPFR,0,host-1
binary9e4m4,9,5,4,sub,ordinary,binary,2,1,4,2786576,512,40109964,14.39399607259949,733837015788199885,15795976897282312997,pass,binary-interchange subtraction native-word kernel,0,host-1
binary9e4m4,9,5,4,sub,ordinary,binary,3,0,4,2786576,512,40276752,14.453850173115681,733837015788199885,15795976897282312997,pass,binary-interchange subtraction native-word kernel,0,host-1
binary9e4m4,9,5,4,sub,ordinary,mpfr,3,1,4,1628480,512,39998718,24.561995234820202,18119867332385821221,15795976897282312997,pass,MPFR,0,host-1
binary9e4m4,9,5,4,mul,ordinary,binary,1,0,4,3156192,512,39497404,12.514258955095254,5550124699216887481,18115890656750106469,pass,binary-interchange multiplication native-word kernel,0,host-1
binary9e4m4,9,5,4,mul,ordinary,mpfr,1,1,4,1491536,512,39948645,26.783560705205907,4198535937271668300,18115890656750106469,pass,MPFR,0,host-1
binary9e4m4,9,5,4,mul,ordinary,mpfr,2,0,4,1491536,512,39657284,26.588217783546625,4198535937271668300,18115890656750106469,pass,MPFR,0,host-1
binary9e4m4,9,5,4,mul,ordinary,binary,2,1,4,3156192,512,39338692,12.463973040930336,5550124699216887481,18115890656750106469,pass,binary-interchange multiplication native-word kernel,0,host-1
binary9e4m4,9,5,4,mul,ordinary,binary,3,0,4,3156192,512,39375032,12.475486915878374,5550124699216887481,18115890656750106469,pass,binary-interchange multiplication native-word kernel,0,host-1
binary9e4m4,9,5,4,mul,ordinary,mpfr,3,1,4,1491536,512,39662158,26.591485555829696,4198535937271668300,18115890656750106469,pass,MPFR,0,host-1
binary9e4m4,9,5,4,div,ordinary,binary,1,0,4,563088,512,39795803,70.674216108317,14427883836813651193,7344220296144199845,pass,binary-interchange division native-word kernel,0,host-1
binary9e4m4,9,5,4,div,ordinary,mpfr,1,1,4,1324736,512,40183352,30.333101840668633,17137911512842707797,7344220296144199845,pass,MPFR,0,host-1
binary9e4m4,9,5,4,div,ordinary,mpfr,2,0,4,1324736,512,41247718,31.136557019662785,17137911512842707797,7344220296144199845,pass,MPFR,0,host-1
binary9e4m4,9,5,4,div,ordinary,binary,2,1,4,563088,512,39702537,70.50858302787486,14427883836813651193,7344220296144199845,pass,binary-interchange division native-word kernel,0,host-1
binary9e4m4,9,5,4,div,ordinary,binary,3,0,4,563088,512,39700494,70.50495482056091,14427883836813651193,7344220296144199845,pass,binary-interchange division native-word kernel,0,host-1
binary9e4m4,9,5,4,div,ordinary,mpfr,3,1,4,1324736,512,41094254,31.020712051306827,17137911512842707797,7344220296144199845,pass,MPFR,0,host-1
binary9e4m4,9,5,4,sqrt,ordinary,binary,1,0,4,32192,512,39932627,1240.4518824552683,14746772837257680421,10569525518050954021,pass,binary-interchange square root native-word kernel,0,host-1
binary9e4m4,9,5,4,sqrt,ordinary,mpfr,1,1,4,1360112,512,39799816,29.262160763231265,10964276874111473765,10569525518050954021,pass,MPFR,0,host-1
binary9e4m4,9,5,4,sqrt,ordinary,mpfr,2,0,4,1360112,512,40641733,29.881166403943205,10964276874111473765,10569525518050954021,pass,MPFR,0,host-1
binary9e4m4,9,5,4,sqrt,ordinary,binary,2,1,4,32192,512,39972851,1241.7013854373758,14746772837257680421,10569525518050954021,pass,binary-interchange square root native-word kernel,0,host-1
binary9e4m4,9,5,4,sqrt,ordinary,binary,3,0,4,32192,512,40305329,1252.0293551192842,14746772837257680421,10569525518050954021,pass,binary-interchange square root native-word kernel,0,host-1
binary9e4m4,9,5,4,sqrt,ordinary,mpfr,3,1,4,1360112,512,41643327,30.617571935252393,10964276874111473765,10569525518050954021,pass,MPFR,0,host-1
binary9e4m4,9,5,4,fma,ordinary,binary,1,0,4,145088,512,39970388,275.49065394794883,11306377016036236221,347097026914466533,pass,binary-interchange fused multiply-add native-word kernel,0,host-1
binary9e4m4,9,5,4,fma,ordinary,mpfr,1,1,4,939424,512,39703185,42.26332837994345,14793078770142060281,347097026914466533,pass,MPFR,0,host-1
binary9e4m4,9,5,4,fma,ordinary,mpfr,2,0,4,939424,512,39701259,42.2612781874851,14793078770142060281,347097026914466533,pass,MPFR,0,host-1
binary9e4m4,9,5,4,fma,ordinary,binary,2,1,4,145088,512,40482370,279.0194226951919,11306377016036236221,347097026914466533,pass,binary-interchange fused multiply-add native-word kernel,0,host-1
binary9e4m4,9,5,4,fma,ordinary,binary,3,0,4,145088,512,39820734,274.4591833921482,11306377016036236221,347097026914466533,pass,binary-interchange fused multiply-add native-word kernel,0,host-1
binary9e4m4,9,5,4,fma,ordinary,mpfr,3,1,4,939424,512,39800408,42.36682051980788,14793078770142060281,347097026914466533,pass,MPFR,0,host-1
