series,implementation,family,format,totalBits,operation,executionClass,backend,measurementMethod,iterations,totalNanos,sink,fixtureTraceDigest,agreementIterations,agreementSink,agreementFixtureTraceDigest,trials,blocks,nanosPerOp,source
ExecFloat binary proved software,ExecFloat,binary-interchange,binary6-e3m2,6,add,proved-software,binary-interchange addition exhaustive table,result-dependent-fixture-chain,749190,200141032,2526747358794023756,48572722260591926,256,6202289059733992379,4641336416295902540,1,,267.143224015,main/trial-01.csv
ExecFloat binary proved software,ExecFloat,binary-interchange,binary6-e3m2,6,div,proved-software,binary-interchange division exhaustive table,result-dependent-fixture-chain,745621,238218827,10504910295181986719,12993733845945613644,256,9601202237124181899,10638078861417486847,1,,319.490501206,main/trial-01.csv
ExecFloat binary proved software,ExecFloat,binary-interchange,binary6-e3m2,6,fma,proved-software,binary-interchange fused multiply-add exhaustive table,result-dependent-fixture-chain,755181,200749657,13389424848057600673,6068423974144279220,256,4507675418418589253,3914664449528394175,1,,265.829856683,main/trial-01.csv
ExecFloat binary proved software,ExecFloat,binary-interchange,binary6-e3m2,6,mul,proved-software,binary-interchange multiplication exhaustive table,result-dependent-fixture-chain,791827,199945193,9856282036091660159,1836313172541989153,256,16732428428466847560,15410270542147652249,1,,252.511208888,main/trial-01.csv
ExecFloat binary proved software,ExecFloat,binary-interchange,binary6-e3m2,6,sqrt,proved-software,binary-interchange square root exhaustive table,result-dependent-fixture-chain,2386738,221183717,13245795097775309715,15212780116271138488,256,6705794194088342193,9189893275782256131,1,,92.671971955,main/trial-01.csv
ExecFloat binary proved software,ExecFloat,binary-interchange,binary6-e3m2,6,sub,proved-software,binary-interchange subtraction exhaustive table,result-dependent-fixture-chain,774108,199721520,16819454077427266159,2415483010902187643,256,16478416567677483672,4011936748656663337,1,,258.002139236,main/trial-01.csv
ExecFloat binary proved software,ExecFloat,binary-interchange,binary8-e4m3,8,add,proved-software,binary-interchange addition exhaustive table,result-dependent-fixture-chain,707104,199530962,8284988641663878576,13469176833314014086,256,15699098036996730368,8420710567143902137,1,,282.180502444,main/trial-01.csv
ExecFloat binary proved software,ExecFloat,binary-interchange,binary8-e4m3,8,div,proved-software,binary-interchange division exhaustive table,result-dependent-fixture-chain,749701,199979130,277241419451617858,16944996965373225492,256,5447373064465816624,12232418598729189962,1,,266.745182413,main/trial-01.csv
ExecFloat binary proved software,ExecFloat,binary-interchange,binary8-e4m3,8,fma,proved-software,binary-interchange fused multiply-add exact baseline,result-dependent-fixture-chain,123788,198179258,3417133592739560999,17479269009831548052,256,11063501442542046017,14286134549859220077,1,,1600.956942515,main/trial-01.csv
ExecFloat binary proved software,ExecFloat,binary-interchange,binary8-e4m3,8,mul,proved-software,binary-interchange multiplication exhaustive table,result-dependent-fixture-chain,790894,205417150,13998268179281353069,7191989843051055511,256,254333560870201325,4801669834166586962,1,,259.727789059,main/trial-01.csv
ExecFloat binary proved software,ExecFloat,binary-interchange,binary8-e4m3,8,sqrt,proved-software,binary-interchange square root exhaustive table,result-dependent-fixture-chain,2407650,201591065,4518884508853455839,5625773039446732429,256,14665192763842552264,17419253158418701627,1,,83.729389654,main/trial-01.csv
ExecFloat binary proved software,ExecFloat,binary-interchange,binary8-e4m3,8,sub,proved-software,binary-interchange subtraction exhaustive table,result-dependent-fixture-chain,600969,174547177,17057617323225681524,12639018029566849015,256,488180961882180986,8905306643955899295,1,,290.442896389,main/trial-01.csv
ExecFloat binary proved software,ExecFloat,binary-interchange,binary16,16,add,proved-software,binary-interchange addition native-word kernel,result-dependent-fixture-chain,1307737,212680401,14516533195702463920,18444464732161142761,256,6248162902044298242,6774788450646673742,1,,162.632395505,main/trial-01.csv
ExecFloat binary proved software,ExecFloat,binary-interchange,binary16,16,div,proved-software,binary-interchange division native-word kernel,result-dependent-fixture-chain,1003743,193691007,5113431644861089067,14415232905457765905,256,12273333955110306205,1536966327070879480,1,,192.968725062,main/trial-01.csv
ExecFloat binary proved software,ExecFloat,binary-interchange,binary16,16,fma,proved-software,binary-interchange fused multiply-add native-word kernel,result-dependent-fixture-chain,356587,199859942,9177868857916611899,6961744236966171062,256,1406249753189311116,5022963284450321196,1,,560.480168935,main/trial-01.csv
ExecFloat binary proved software,ExecFloat,binary-interchange,binary16,16,mul,proved-software,binary-interchange multiplication native-word kernel,result-dependent-fixture-chain,1873220,201364377,5575370699860228509,10233398890399507710,256,3926997885351921396,18187657784984312392,1,,107.496384301,main/trial-01.csv
ExecFloat binary proved software,ExecFloat,binary-interchange,binary16,16,sqrt,proved-software,binary-interchange square root native-word kernel,result-dependent-fixture-chain,144341,200004911,10045613232207715409,4654580367600940608,256,6810241611482138117,15355967655783802056,1,,1385.641716491,main/trial-01.csv
ExecFloat binary proved software,ExecFloat,binary-interchange,binary16,16,sub,proved-software,binary-interchange subtraction native-word kernel,result-dependent-fixture-chain,1510868,201733013,3056568355700782780,8127279522067531885,256,4840367558741898155,7505820856977690627,1,,133.521269231,main/trial-01.csv
ExecFloat binary proved software,ExecFloat,binary-interchange,binary32,32,add,proved-software,configured proved word kernel,result-dependent-fixture-chain,1130761,199378166,14057716759203721409,7305580552668390674,256,2381817058504603107,8782414051395963145,1,,176.322110508,main/trial-01.csv
ExecFloat binary proved software,ExecFloat,binary-interchange,binary32,32,div,proved-software,configured proved word kernel,result-dependent-fixture-chain,1242745,200111881,582154418574923618,4923980127743178892,256,16341726122421238898,9159345502404108257,1,,161.024088610,main/trial-01.csv
ExecFloat binary proved software,ExecFloat,binary-interchange,binary32,32,fma,proved-software,configured proved word kernel,result-dependent-fixture-chain,1186520,199703326,2060305450795909081,10942363888794574698,256,14193217778002186870,6704285237813457226,1,,168.310122038,main/trial-01.csv
ExecFloat binary proved software,ExecFloat,binary-interchange,binary32,32,mul,proved-software,configured proved word kernel,result-dependent-fixture-chain,1694437,199368501,2921549508305481035,6004550843692118855,256,10455358528253897402,7341641514666459220,1,,117.660615886,main/trial-01.csv
ExecFloat binary proved software,ExecFloat,binary-interchange,binary32,32,sqrt,proved-software,configured proved word kernel,result-dependent-fixture-chain,1364355,200161682,4235541221698811312,10603892337962860499,256,16179893597297518679,3163294961240210449,1,,146.707918394,main/trial-01.csv
ExecFloat binary proved software,ExecFloat,binary-interchange,binary32,32,sub,proved-software,configured proved word kernel,result-dependent-fixture-chain,1278557,200429037,12606685354839617866,9774346336955282790,256,15668352703752951196,8948690054579814282,1,,156.761909715,main/trial-01.csv
ExecFloat binary proved software,ExecFloat,binary-interchange,binary64,64,add,proved-software,configured proved word kernel,result-dependent-fixture-chain,480622,198532014,4496508464972676861,14003811198758382517,256,13606897443459857615,1252235387381980120,1,,413.073088623,main/trial-01.csv
ExecFloat binary proved software,ExecFloat,binary-interchange,binary64,64,div,proved-software,configured proved word kernel,result-dependent-fixture-chain,354767,199027291,7508227127410569269,14529646185622634713,256,16866086521615362059,18009442782454829229,1,,561.008467529,main/trial-01.csv
ExecFloat binary proved software,ExecFloat,binary-interchange,binary64,64,fma,proved-software,configured proved word kernel,result-dependent-fixture-chain,122562,200181845,2646653182526082071,10532597699768681282,256,4302356234228363402,11033997570786036178,1,,1633.310854914,main/trial-01.csv
ExecFloat binary proved software,ExecFloat,binary-interchange,binary64,64,mul,proved-software,configured proved word kernel,result-dependent-fixture-chain,600873,198554060,14563290290202908985,4601289367814693244,256,10844575015366422186,11592510319815437518,1,,330.442639293,main/trial-01.csv
ExecFloat binary proved software,ExecFloat,binary-interchange,binary64,64,sqrt,proved-software,configured proved word kernel,result-dependent-fixture-chain,115367,166968557,16685559106877287303,136090046227294987,256,17304413662842360676,8589027394118193575,1,,1447.281779018,main/trial-01.csv
ExecFloat binary proved software,ExecFloat,binary-interchange,binary64,64,sub,proved-software,configured proved word kernel,result-dependent-fixture-chain,528967,201485044,6432397042420563682,1410352207226012906,256,747626906282276811,11425145581293654401,1,,380.902861615,main/trial-01.csv
ExecFloat binary proved software,ExecFloat,binary-interchange,binary128,128,add,proved-software,binary-interchange addition fixed-limb kernel,result-dependent-fixture-chain,68356,201342720,17800746039115108817,1016058914418632664,256,8986041320630648097,802016132310684100,1,,2945.501784774,main/trial-01.csv
ExecFloat binary proved software,ExecFloat,binary-interchange,binary128,128,div,proved-software,binary-interchange division fixed-limb kernel,result-dependent-fixture-chain,70492,201827208,1524816175772983523,9074814889300374390,256,18384515885145115545,3842855788641131890,1,,2863.122169892,main/trial-01.csv
ExecFloat binary proved software,ExecFloat,binary-interchange,binary128,128,fma,proved-software,binary-interchange fused multiply-add fixed-limb kernel,result-dependent-fixture-chain,65824,199262211,11631192941693771660,5154704127619342129,256,5887953800951304359,3243472580820840853,1,,3027.196934249,main/trial-01.csv
ExecFloat binary proved software,ExecFloat,binary-interchange,binary128,128,mul,proved-software,binary-interchange multiplication fixed-limb kernel,result-dependent-fixture-chain,103432,242922273,13230412694222195866,17818851460543022489,256,9170763136414237279,9626421577276675687,1,,2348.618154923,main/trial-01.csv
ExecFloat binary proved software,ExecFloat,binary-interchange,binary128,128,sqrt,proved-software,binary-interchange square root fixed-limb kernel,result-dependent-fixture-chain,107727,199934998,5623348961574618625,9971237901082102161,256,3132811494379513567,16347878467459163570,1,,1855.941388881,main/trial-01.csv
ExecFloat binary proved software,ExecFloat,binary-interchange,binary128,128,sub,proved-software,binary-interchange subtraction fixed-limb kernel,result-dependent-fixture-chain,66437,209966217,2971613357430446109,16508529194908160431,256,15255205412964138062,17916492919730332122,1,,3160.380766741,main/trial-01.csv
ExecFloat binary proved software,ExecFloat,binary-interchange,binary256-custom-e19m236,256,add,proved-software,binary-interchange addition exact baseline,result-dependent-fixture-chain,48053,200457376,3383792354355393936,10671936269102145593,256,5627250593499023285,10793273507272430483,1,,4171.589203588,main/trial-01.csv
ExecFloat binary proved software,ExecFloat,binary-interchange,binary256-custom-e19m236,256,div,proved-software,binary-interchange division exact baseline,result-dependent-fixture-chain,45203,208292423,4522179784191405497,8820041140899817799,256,406983776264143148,9301749973017951762,1,,4607.933610601,main/trial-01.csv
ExecFloat binary proved software,ExecFloat,binary-interchange,binary256-custom-e19m236,256,fma,proved-software,binary-interchange fused multiply-add exact baseline,result-dependent-fixture-chain,53507,201020931,555498186880083499,40901333202947968,256,17184235263020137552,2347394086528337578,1,,3756.909021250,main/trial-01.csv
ExecFloat binary proved software,ExecFloat,binary-interchange,binary256-custom-e19m236,256,mul,proved-software,binary-interchange multiplication exact baseline,result-dependent-fixture-chain,51184,200817137,2910761904973732857,14061188380696977548,256,17523052883321331641,10716061577737147701,1,,3923.435780713,main/trial-01.csv
ExecFloat binary proved software,ExecFloat,binary-interchange,binary256-custom-e19m236,256,sqrt,proved-software,binary-interchange square root exact baseline,result-dependent-fixture-chain,26495,200356753,5548039832764815212,12650138903995433544,256,8632000776533919923,5092588512390636015,1,,7562.058992263,main/trial-01.csv
ExecFloat binary proved software,ExecFloat,binary-interchange,binary256-custom-e19m236,256,sub,proved-software,binary-interchange subtraction exact baseline,result-dependent-fixture-chain,45960,200208052,16732788066141905894,15153658804644950779,256,14747219915875845160,9812549126092394565,1,,4356.136901654,main/trial-01.csv
ExecFloat binary proved software,ExecFloat,binary-interchange,binary512-custom-e19m492,512,add,proved-software,binary-interchange addition exact baseline,result-dependent-fixture-chain,26874,110945767,6672756226925116963,6943035686061378686,256,16473226587552645878,2731629517370197849,1,,4128.368199747,main/trial-01.csv
ExecFloat binary proved software,ExecFloat,binary-interchange,binary512-custom-e19m492,512,div,proved-software,binary-interchange division exact baseline,result-dependent-fixture-chain,42612,201782516,6152724201229045326,18293776026418911155,256,62298687186005074,17373276729749537051,1,,4735.344879377,main/trial-01.csv
ExecFloat binary proved software,ExecFloat,binary-interchange,binary512-custom-e19m492,512,fma,proved-software,binary-interchange fused multiply-add exact baseline,result-dependent-fixture-chain,52192,203527093,18009675920266276312,7940622537566725825,256,5166839139342104348,9638240548636149016,1,,3899.584093348,main/trial-01.csv
ExecFloat binary proved software,ExecFloat,binary-interchange,binary512-custom-e19m492,512,mul,proved-software,binary-interchange multiplication exact baseline,result-dependent-fixture-chain,48467,198597101,3980399046046706775,619703046317730799,256,17349291455108062735,7704363681322181692,1,,4097.573627417,main/trial-01.csv
ExecFloat binary proved software,ExecFloat,binary-interchange,binary512-custom-e19m492,512,sqrt,proved-software,binary-interchange square root exact baseline,result-dependent-fixture-chain,22771,199640669,16971565667912761234,5493428759186325873,256,14718717483843740146,16492443812586108962,1,,8767.321110184,main/trial-01.csv
ExecFloat binary proved software,ExecFloat,binary-interchange,binary512-custom-e19m492,512,sub,proved-software,binary-interchange subtraction exact baseline,result-dependent-fixture-chain,43881,197918529,14163993004874113700,17897961005480468316,256,1316036719961860745,14942267711526812724,1,,4510.346824366,main/trial-01.csv
ExecFloat binary proved software,ExecFloat,binary-interchange,binary1024-custom-e19m1004,1024,add,proved-software,binary-interchange addition exact baseline,result-dependent-fixture-chain,45786,198687874,12508110778914690170,18240050139027803149,256,15085329428722891679,17675889632280362273,1,,4339.489669331,main/trial-01.csv
ExecFloat binary proved software,ExecFloat,binary-interchange,binary1024-custom-e19m1004,1024,div,proved-software,binary-interchange division exact baseline,result-dependent-fixture-chain,38306,197603064,4618592290838613017,10662558336306292802,256,9849109639515396701,6779996310571071559,1,,5158.540803007,main/trial-01.csv
ExecFloat binary proved software,ExecFloat,binary-interchange,binary1024-custom-e19m1004,1024,fma,proved-software,binary-interchange fused multiply-add exact baseline,result-dependent-fixture-chain,47482,198488672,16310988341510535785,15281990357074924256,256,1574300555002444628,17008690229445754520,1,,4180.292995240,main/trial-01.csv
ExecFloat binary proved software,ExecFloat,binary-interchange,binary1024-custom-e19m1004,1024,mul,proved-software,binary-interchange multiplication exact baseline,result-dependent-fixture-chain,43597,190994485,14181647881131966347,16740808238485778165,256,10797881490847747902,3571047587515683140,1,,4380.908892814,main/trial-01.csv
ExecFloat binary proved software,ExecFloat,binary-interchange,binary1024-custom-e19m1004,1024,sqrt,proved-software,binary-interchange square root exact baseline,result-dependent-complete-16-fixture-blocks,18192,200042424,17018716353773681393,17672594394835865871,16,16439620615060473591,7536919605682387661,1,1137,10996.175461741,balanced-sqrt/raw.csv
ExecFloat binary proved software,ExecFloat,binary-interchange,binary1024-custom-e19m1004,1024,sub,proved-software,binary-interchange subtraction exact baseline,result-dependent-fixture-chain,42647,196980772,13734304752776215748,17125303523451175277,256,15033367052268226531,7348075305264049930,1,,4618.865852229,main/trial-01.csv
ExecFloat binary proved software,ExecFloat,binary-interchange,binary2048-custom-e19m2028,2048,add,proved-software,binary-interchange addition exact baseline,result-dependent-fixture-chain,43783,203200733,15617755814508166536,11748201201403161807,256,16187131443813737441,17453360145151856638,1,,4641.087476875,main/trial-01.csv
ExecFloat binary proved software,ExecFloat,binary-interchange,binary2048-custom-e19m2028,2048,div,proved-software,binary-interchange division exact baseline,result-dependent-fixture-chain,30338,198414752,16938641088283599079,6073560395131851960,256,16439921886465636847,9643158198526521548,1,,6540.139495023,main/trial-01.csv
ExecFloat binary proved software,ExecFloat,binary-interchange,binary2048-custom-e19m2028,2048,fma,proved-software,binary-interchange fused multiply-add exact baseline,result-dependent-fixture-chain,39601,195235310,3999016616033528470,1503332392811680618,256,2743377063019884498,9565555395836394947,1,,4930.060099492,main/trial-01.csv
ExecFloat binary proved software,ExecFloat,binary-interchange,binary2048-custom-e19m2028,2048,mul,proved-software,binary-interchange multiplication exact baseline,result-dependent-fixture-chain,38909,201296311,6998304789405351977,9586506530000619483,256,11277422525107346237,3130251621155328320,1,,5173.515407746,main/trial-01.csv
ExecFloat binary proved software,ExecFloat,binary-interchange,binary2048-custom-e19m2028,2048,sqrt,proved-software,binary-interchange square root exact baseline,result-dependent-complete-16-fixture-blocks,11568,200337239,15557682048783509253,14707298845297419917,16,6795361247420114461,10880226840348184823,1,723,17318.226054633,balanced-sqrt/raw.csv
ExecFloat binary proved software,ExecFloat,binary-interchange,binary2048-custom-e19m2028,2048,sub,proved-software,binary-interchange subtraction exact baseline,result-dependent-fixture-chain,39940,211042984,4872422009079595624,9128166925437262014,256,5835518171502335049,13859927365874923980,1,,5284.000600901,main/trial-01.csv
ExecFloat binary proved software,ExecFloat,binary-interchange,binary4096-custom-e19m4076,4096,add,proved-software,binary-interchange addition exact baseline,result-dependent-fixture-chain,36444,188794350,11536167163916655767,10760149480998799493,256,9648732917905115387,1993696468231033033,1,,5180.395949951,main/trial-01.csv
ExecFloat binary proved software,ExecFloat,binary-interchange,binary4096-custom-e19m4076,4096,div,proved-software,binary-interchange division exact baseline,result-dependent-fixture-chain,18364,195097987,14077342582969417782,16114496107948784660,256,14940049394283008741,10462835467918708592,1,,10623.937431932,main/trial-01.csv
ExecFloat binary proved software,ExecFloat,binary-interchange,binary4096-custom-e19m4076,4096,fma,proved-software,binary-interchange fused multiply-add exact baseline,result-dependent-fixture-chain,28682,200603389,3694810724694991800,10074690279706977711,256,13359547897071218016,390738148860889118,1,,6994.051635172,main/trial-01.csv
ExecFloat binary proved software,ExecFloat,binary-interchange,binary4096-custom-e19m4076,4096,mul,proved-software,binary-interchange multiplication exact baseline,result-dependent-fixture-chain,28178,201119939,955882615666976576,9675569183385414961,256,5200004546712615421,8285122533487066411,1,,7137.480978068,main/trial-01.csv
ExecFloat binary proved software,ExecFloat,binary-interchange,binary4096-custom-e19m4076,4096,sqrt,proved-software,binary-interchange square root exact baseline,result-dependent-complete-16-fixture-blocks,5216,198356231,8090467399097325227,14908127990655656043,16,2750107317495332535,8309232375011947415,1,326,38028.418519939,balanced-sqrt/raw.csv
ExecFloat binary proved software,ExecFloat,binary-interchange,binary4096-custom-e19m4076,4096,sub,proved-software,binary-interchange subtraction exact baseline,result-dependent-fixture-chain,35288,196024557,12626373557122479802,4390032995924833254,256,16976029655756590647,11221831467095195012,1,,5554.991980277,main/trial-01.csv
Flocq binary reference (precision model),Flocq,binary-reference,flocq-p3,6,add,software-reference,Flocq 4.2.2 extracted OCaml Zarith,result-dependent-fixture-chain,362510,181445033,289717837318820616,4710303508740245193,256,6202289059733992379,4641336416295902540,1,,500.524214504,main/trial-01.csv
Flocq binary reference (precision model),Flocq,binary-reference,flocq-p3,6,div,software-reference,Flocq 4.2.2 extracted OCaml Zarith,result-dependent-fixture-chain,343299,186312036,-8971289959087607547,2108729416187843870,256,-8845541836585369717,-7808665212292064769,1,,542.710686603,main/trial-01.csv
Flocq binary reference (precision model),Flocq,binary-reference,flocq-p3,6,fma,software-reference,Flocq 4.2.2 extracted OCaml Zarith,result-dependent-fixture-chain,290045,232838144,6557480746603445173,7333464420143809216,256,4507675418418589253,3914664449528394175,1,,802.765584651,main/trial-01.csv
Flocq binary reference (precision model),Flocq,binary-reference,flocq-p3,6,mul,software-reference,Flocq 4.2.2 extracted OCaml Zarith,result-dependent-fixture-chain,399856,352533987,6481659648161522484,8045718858452328094,256,-1714315645242704056,-3036473531561899367,1,,881.652362350,main/trial-01.csv
Flocq binary reference (precision model),Flocq,binary-reference,flocq-p3,6,sqrt,software-reference,Flocq 4.2.2 extracted OCaml Zarith,result-dependent-fixture-chain,145551,111828186,7378501932993562092,9084694415146283303,256,6705794194088342193,9189893275782256131,1,,768.309293650,main/trial-01.csv
Flocq binary reference (precision model),Flocq,binary-reference,flocq-p3,6,sub,software-reference,Flocq 4.2.2 extracted OCaml Zarith,result-dependent-fixture-chain,420286,185591373,-2192927817445312557,3154688832596778892,256,-1968327506032067944,4011936748656663337,1,,441.583524076,main/trial-01.csv
Flocq binary reference (precision model),Flocq,binary-reference,flocq-p4,8,add,software-reference,Flocq 4.2.2 extracted OCaml Zarith,result-dependent-fixture-chain,308625,188952842,4429456736848509070,5197984086857366192,256,-2747646036712821248,8420710567143902137,1,,612.240881328,main/trial-01.csv
Flocq binary reference (precision model),Flocq,binary-reference,flocq-p4,8,div,software-reference,Flocq 4.2.2 extracted OCaml Zarith,result-dependent-fixture-chain,178474,112049402,-1361194455629655227,-8109232010079602843,256,5447373064465816624,-6214325474980361654,1,,627.819189350,main/trial-01.csv
Flocq binary reference (precision model),Flocq,binary-reference,flocq-p4,8,fma,software-reference,Flocq 4.2.2 extracted OCaml Zarith,result-dependent-fixture-chain,222821,188569056,1395864820632444636,-4628990912410043970,256,-7383242631167505599,-4160609523850331539,1,,846.280449329,main/trial-01.csv
Flocq binary reference (precision model),Flocq,binary-reference,flocq-p4,8,mul,software-reference,Flocq 4.2.2 extracted OCaml Zarith,result-dependent-fixture-chain,318378,186970938,-4525777400857027896,7023099603054745188,256,254333560870201325,4801669834166586962,1,,587.260859733,main/trial-01.csv
Flocq binary reference (precision model),Flocq,binary-reference,flocq-p4,8,sqrt,software-reference,Flocq 4.2.2 extracted OCaml Zarith,result-dependent-fixture-chain,117616,122183824,4665354306398894077,-7259072124588780543,256,-3781551309866999352,-1027490915290849989,1,,1038.836756904,main/trial-01.csv
Flocq binary reference (precision model),Flocq,binary-reference,flocq-p4,8,sub,software-reference,Flocq 4.2.2 extracted OCaml Zarith,result-dependent-fixture-chain,202416,111375325,1281726834851032569,1775820049776649106,256,488180961882180986,8905306643955899295,1,,550.229848431,main/trial-01.csv
Flocq binary reference (precision model),Flocq,binary-reference,flocq-p11,16,add,software-reference,Flocq 4.2.2 extracted OCaml Zarith,result-dependent-fixture-chain,165925,193336245,-5343676552086465961,-6386901092239483015,256,6248162902044298242,6774788450646673742,1,,1165.202621666,main/trial-01.csv
Flocq binary reference (precision model),Flocq,binary-reference,flocq-p11,16,div,software-reference,Flocq 4.2.2 extracted OCaml Zarith,result-dependent-fixture-chain,136493,188617135,-8900631477197789835,-7341217024425256360,256,-6173410118599245411,1536966327070879480,1,,1381.881378532,main/trial-01.csv
Flocq binary reference (precision model),Flocq,binary-reference,flocq-p11,16,fma,software-reference,Flocq 4.2.2 extracted OCaml Zarith,result-dependent-fixture-chain,54637,131866562,3576528150476427294,-3711881116812993743,256,1406249753189311116,5022963284450321196,1,,2413.502974175,main/trial-01.csv
Flocq binary reference (precision model),Flocq,binary-reference,flocq-p11,16,mul,software-reference,Flocq 4.2.2 extracted OCaml Zarith,result-dependent-fixture-chain,124291,197414259,-1664073430295839879,-4261935138011122654,256,3926997885351921396,-259086288725239224,1,,1588.323040284,main/trial-01.csv
Flocq binary reference (precision model),Flocq,binary-reference,flocq-p11,16,sqrt,software-reference,Flocq 4.2.2 extracted OCaml Zarith,result-dependent-fixture-chain,52438,198785552,-2284907673382123178,-1568404531134409643,256,6810241611482138117,-3090776417925749560,1,,3790.868301613,main/trial-01.csv
Flocq binary reference (precision model),Flocq,binary-reference,flocq-p11,16,sub,software-reference,Flocq 4.2.2 extracted OCaml Zarith,result-dependent-fixture-chain,170854,190178812,8457225900355575266,-6715561397491184620,256,4840367558741898155,7505820856977690627,1,,1113.107167523,main/trial-01.csv
Flocq binary reference (precision model),Flocq,binary-reference,flocq-p24,32,add,software-reference,Flocq 4.2.2 extracted OCaml Zarith,result-dependent-fixture-chain,79625,199096788,-6120732359885944003,7304658615995172816,256,2381817058504603107,8782414051395963145,1,,2500.430618524,main/trial-01.csv
Flocq binary reference (precision model),Flocq,binary-reference,flocq-p24,32,div,software-reference,Flocq 4.2.2 extracted OCaml Zarith,result-dependent-fixture-chain,48696,148523478,-5691306239053566259,-1725734412569972567,256,-2105017951288312718,9159345502404108257,1,,3050.013923115,main/trial-01.csv
Flocq binary reference (precision model),Flocq,binary-reference,flocq-p24,32,fma,software-reference,Flocq 4.2.2 extracted OCaml Zarith,result-dependent-fixture-chain,37411,200685768,8691811533849922523,-8733118338748528828,256,-4253526295707364746,6704285237813457226,1,,5364.351875117,main/trial-01.csv
Flocq binary reference (precision model),Flocq,binary-reference,flocq-p24,32,mul,software-reference,Flocq 4.2.2 extracted OCaml Zarith,result-dependent-fixture-chain,42854,150307836,-7726741618358758196,8742388561408359625,256,-7991385545455654214,7341641514666459220,1,,3507.440052271,main/trial-01.csv
Flocq binary reference (precision model),Flocq,binary-reference,flocq-p24,32,sqrt,software-reference,Flocq 4.2.2 extracted OCaml Zarith,result-dependent-fixture-chain,14174,181071192,1731475906080386133,-7427322275221537719,256,-2266850476412032937,3163294961240210449,1,,12774.883025258,main/trial-01.csv
Flocq binary reference (precision model),Flocq,binary-reference,flocq-p24,32,sub,software-reference,Flocq 4.2.2 extracted OCaml Zarith,result-dependent-fixture-chain,84600,200046730,3780991374784994846,1194530522921342836,256,-2778391369956600420,8948690054579814282,1,,2364.618557920,main/trial-01.csv
Flocq binary reference (precision model),Flocq,binary-reference,flocq-p53,64,add,software-reference,Flocq 4.2.2 extracted OCaml Zarith,result-dependent-fixture-chain,37837,203124385,1863753978180292618,1318038045373395718,256,-4839846630249694001,1252235387381980120,1,,5368.406189708,main/trial-01.csv
Flocq binary reference (precision model),Flocq,binary-reference,flocq-p53,64,div,software-reference,Flocq 4.2.2 extracted OCaml Zarith,result-dependent-fixture-chain,29365,201154716,-1551117478640723930,2230418388088461909,256,-1580657552094189557,-437301291254722387,1,,6850.152085816,main/trial-01.csv
Flocq binary reference (precision model),Flocq,binary-reference,flocq-p53,64,fma,software-reference,Flocq 4.2.2 extracted OCaml Zarith,result-dependent-fixture-chain,12218,197701062,-6274567327666712393,2322149642367337446,256,4302356234228363402,-7412746502923515438,1,,16181.131281716,main/trial-01.csv
Flocq binary reference (precision model),Flocq,binary-reference,flocq-p53,64,mul,software-reference,Flocq 4.2.2 extracted OCaml Zarith,result-dependent-fixture-chain,18902,199881572,-7246387360637181598,-3132599390366590214,256,-7602169058343129430,-6854233753894114098,1,,10574.625542271,main/trial-01.csv
Flocq binary reference (precision model),Flocq,binary-reference,flocq-p53,64,sqrt,software-reference,Flocq 4.2.2 extracted OCaml Zarith,result-dependent-fixture-chain,3187,174472194,-2882256007468509662,8700878205375800259,256,-1142330410867190940,8589027394118193575,1,,54744.962033260,main/trial-01.csv
Flocq binary reference (precision model),Flocq,binary-reference,flocq-p53,64,sub,software-reference,Flocq 4.2.2 extracted OCaml Zarith,result-dependent-fixture-chain,38681,200746615,-3494278005262584328,-5256346639477862482,256,747626906282276811,-7021598492415897215,1,,5189.798996924,main/trial-01.csv
Flocq binary reference (precision model),Flocq,binary-reference,flocq-p113,128,add,software-reference,Flocq 4.2.2 extracted OCaml Zarith,result-dependent-fixture-chain,11947,195636229,5100421865559081962,-6831500099279648247,256,8986041320630648097,802016132310684100,1,,16375.343517201,main/trial-01.csv
Flocq binary reference (precision model),Flocq,binary-reference,flocq-p113,128,div,software-reference,Flocq 4.2.2 extracted OCaml Zarith,result-dependent-fixture-chain,9205,196052967,-1680006389546970011,-5973141242377307506,256,-62228188564436071,3842855788641131890,1,,21298.529820750,main/trial-01.csv
Flocq binary reference (precision model),Flocq,binary-reference,flocq-p113,128,fma,software-reference,Flocq 4.2.2 extracted OCaml Zarith,result-dependent-fixture-chain,4493,197099075,144404666506119451,4813393210659859489,256,5887953800951304359,3243472580820840853,1,,43868.033607834,main/trial-01.csv
Flocq binary reference (precision model),Flocq,binary-reference,flocq-p113,128,mul,software-reference,Flocq 4.2.2 extracted OCaml Zarith,result-dependent-fixture-chain,7124,199625945,3339532533088317083,8968740257337745274,256,9170763136414237279,-8820322496432875929,1,,28021.609348681,main/trial-01.csv
Flocq binary reference (precision model),Flocq,binary-reference,flocq-p113,128,sqrt,software-reference,Flocq 4.2.2 extracted OCaml Zarith,result-dependent-fixture-chain,665,200806401,3766856787103830588,-3174925292271213090,256,3132811494379513567,-2098865606250388046,1,,301964.512781955,main/trial-01.csv
Flocq binary reference (precision model),Flocq,binary-reference,flocq-p113,128,sub,software-reference,Flocq 4.2.2 extracted OCaml Zarith,result-dependent-fixture-chain,12150,204298515,6719007924853097767,3423642909119774227,256,-3191538660745413554,-530251153979219494,1,,16814.692592593,main/trial-01.csv
Flocq binary reference (precision model),Flocq,binary-reference,flocq-p237,256,add,software-reference,Flocq 4.2.2 extracted OCaml Zarith,result-dependent-fixture-chain,3425,147112687,2684031834274461708,-3941965812918894994,256,5627250593499023285,-7653470566437121133,1,,42952.609343066,main/trial-01.csv
Flocq binary reference (precision model),Flocq,binary-reference,flocq-p237,256,div,software-reference,Flocq 4.2.2 extracted OCaml Zarith,result-dependent-fixture-chain,3549,200575786,-3618495511187606573,-7495180247437281980,256,406983776264143148,-9144994100691599854,1,,56516.141448295,main/trial-01.csv
Flocq binary reference (precision model),Flocq,binary-reference,flocq-p237,256,fma,software-reference,Flocq 4.2.2 extracted OCaml Zarith,result-dependent-fixture-chain,1836,200755218,3863960042955226549,2612180266075249728,256,-1262508810689414064,2347394086528337578,1,,109343.800653595,main/trial-01.csv
Flocq binary reference (precision model),Flocq,binary-reference,flocq-p237,256,mul,software-reference,Flocq 4.2.2 extracted OCaml Zarith,result-dependent-fixture-chain,2865,199829870,2442903224425385873,-4592487046195057133,256,-923691190388219975,-7730682495972403915,1,,69748.645724258,main/trial-01.csv
Flocq binary reference (precision model),Flocq,binary-reference,flocq-p237,256,sqrt,software-reference,Flocq 4.2.2 extracted OCaml Zarith,result-dependent-fixture-chain,114,200372715,8954612714458020962,-2859780734276233270,256,8632000776533919923,5092588512390636015,1,,1757655.394736842,main/trial-01.csv
Flocq binary reference (precision model),Flocq,binary-reference,flocq-p237,256,sub,software-reference,Flocq 4.2.2 extracted OCaml Zarith,result-dependent-fixture-chain,4652,200133195,-949596389817356774,-3813995673414218300,256,-3699524157833706456,-8634194947617157051,1,,43020.893164230,main/trial-01.csv
Flocq binary reference (precision model),Flocq,binary-reference,flocq-p493,512,add,software-reference,Flocq 4.2.2 extracted OCaml Zarith,result-dependent-fixture-chain,1905,200873267,2838799811381674690,4724146994368994572,256,-1973517486156905738,2731629517370197849,1,,105445.284514436,main/trial-01.csv
Flocq binary reference (precision model),Flocq,binary-reference,flocq-p493,512,div,software-reference,Flocq 4.2.2 extracted OCaml Zarith,result-dependent-fixture-chain,1445,200777754,-2042584100549324104,3752666047239796095,256,62298687186005074,-1073467343960014565,1,,138946.542560554,main/trial-01.csv
Flocq binary reference (precision model),Flocq,binary-reference,flocq-p493,512,fma,software-reference,Flocq 4.2.2 extracted OCaml Zarith,result-dependent-fixture-chain,725,201290612,1847329057731034071,-1523211653729535394,256,5166839139342104348,-8808503525073402600,1,,277642.223448276,main/trial-01.csv
Flocq binary reference (precision model),Flocq,binary-reference,flocq-p493,512,mul,software-reference,Flocq 4.2.2 extracted OCaml Zarith,result-dependent-fixture-chain,1116,198543631,-1543066124290417314,5849058877412953253,256,-1097452618601488881,7704363681322181692,1,,177906.479390681,main/trial-01.csv
Flocq binary reference (precision model),Flocq,binary-reference,flocq-p493,512,sqrt,software-reference,Flocq 4.2.2 extracted OCaml Zarith,result-dependent-fixture-chain,22,205664129,-6963978714408469548,-1131542445430444130,256,-3728026589865811470,-1954300261123442654,1,,9348369.500000000,main/trial-01.csv
Flocq binary reference (precision model),Flocq,binary-reference,flocq-p493,512,sub,software-reference,Flocq 4.2.2 extracted OCaml Zarith,result-dependent-fixture-chain,1909,320870716,-6728502248358017347,-6178767463084199390,256,1316036719961860745,-3504476362182738892,1,,168083.140911472,main/trial-01.csv
Flocq binary reference (precision model),Flocq,binary-reference,flocq-p1005,1024,add,software-reference,Flocq 4.2.2 extracted OCaml Zarith,result-dependent-fixture-chain,762,198740002,7165448468160697300,-2836922225021940740,256,-3361414644986659937,-770854441429189343,1,,260813.650918635,main/trial-01.csv
Flocq binary reference (precision model),Flocq,binary-reference,flocq-p1005,1024,div,software-reference,Flocq 4.2.2 extracted OCaml Zarith,result-dependent-fixture-chain,559,193081482,3920842571151658973,-668576035409069849,256,-8597634434194154915,6779996310571071559,1,,345405.155635063,main/trial-01.csv
Flocq binary reference (precision model),Flocq,binary-reference,flocq-p1005,1024,fma,software-reference,Flocq 4.2.2 extracted OCaml Zarith,result-dependent-fixture-chain,269,199031324,-4385594898407835438,2729524314286198831,256,1574300555002444628,-1438053844263797096,1,,739893.397769517,main/trial-01.csv
Flocq binary reference (precision model),Flocq,binary-reference,flocq-p1005,1024,mul,software-reference,Flocq 4.2.2 extracted OCaml Zarith,result-dependent-fixture-chain,420,199269004,4774168242183317452,4971724658611468581,256,-7648862582861803714,3571047587515683140,1,,474450.009523810,main/trial-01.csv
Flocq binary reference (precision model),Flocq,binary-reference,flocq-p1005,1024,sqrt,software-reference,Flocq 4.2.2 extracted OCaml Zarith,result-dependent-complete-16-fixture-blocks,16,754995717,16439620615060473591,7536919605682387661,16,16439620615060473591,7536919605682387661,1,1,47187232.312500000,balanced-sqrt/raw.csv
Flocq binary reference (precision model),Flocq,binary-reference,flocq-p1005,1024,sub,software-reference,Flocq 4.2.2 extracted OCaml Zarith,result-dependent-fixture-chain,766,213690469,5584535282089806881,-5526186470686074474,256,-3413377021441325085,7348075305264049930,1,,278969.280678851,main/trial-01.csv
Flocq binary reference (precision model),Flocq,binary-reference,flocq-p2029,2048,add,software-reference,Flocq 4.2.2 extracted OCaml Zarith,result-dependent-fixture-chain,286,222658415,-8560900071324321663,-5635834521347672710,256,-2259612629895814175,-993383928557694978,1,,778525.926573427,main/trial-01.csv
Flocq binary reference (precision model),Flocq,binary-reference,flocq-p2029,2048,div,software-reference,Flocq 4.2.2 extracted OCaml Zarith,result-dependent-fixture-chain,216,200507514,-6822360099443701837,4555700259428605444,256,-2006822187243914769,-8803585875183030068,1,,928275.527777778,main/trial-01.csv
Flocq binary reference (precision model),Flocq,binary-reference,flocq-p2029,2048,fma,software-reference,Flocq 4.2.2 extracted OCaml Zarith,result-dependent-fixture-chain,92,201347544,-3316773787052652769,2202012433638614019,256,2743377063019884498,-8881188677873156669,1,,2188560.260869565,main/trial-01.csv
Flocq binary reference (precision model),Flocq,binary-reference,flocq-p2029,2048,mul,software-reference,Flocq 4.2.2 extracted OCaml Zarith,result-dependent-fixture-chain,143,201507558,-2120815512815931363,7730252643657263328,256,-7169321548602205379,3130251621155328320,1,,1409143.762237762,main/trial-01.csv
Flocq binary reference (precision model),Flocq,binary-reference,flocq-p2029,2048,sqrt,software-reference,Flocq 4.2.2 extracted OCaml Zarith,result-dependent-complete-16-fixture-blocks,16,3846457383,6795361247420114461,10880226840348184823,16,6795361247420114461,10880226840348184823,1,1,240403586.437500000,balanced-sqrt/raw.csv
Flocq binary reference (precision model),Flocq,binary-reference,flocq-p2029,2048,sub,software-reference,Flocq 4.2.2 extracted OCaml Zarith,result-dependent-fixture-chain,286,199598539,5834820201709813805,-6061563813660973457,256,5835518171502335049,-4586816707834627636,1,,697896.989510490,main/trial-01.csv
Flocq binary reference (precision model),Flocq,binary-reference,flocq-p4077,4096,add,software-reference,Flocq 4.2.2 extracted OCaml Zarith,result-dependent-fixture-chain,95,198072803,-7110320729768797937,6936053843086179879,256,-8798011155804436229,1993696468231033033,1,,2084976.873684210,main/trial-01.csv
Flocq binary reference (precision model),Flocq,binary-reference,flocq-p4077,4096,div,software-reference,Flocq 4.2.2 extracted OCaml Zarith,result-dependent-fixture-chain,73,202294736,-6104592320900139874,-915279349961534016,256,-3506694679426542875,-7983908605790843024,1,,2771160.767123288,main/trial-01.csv
Flocq binary reference (precision model),Flocq,binary-reference,flocq-p4077,4096,fma,software-reference,Flocq 4.2.2 extracted OCaml Zarith,result-dependent-fixture-chain,28,200162080,728419094603737052,-6777549569406198403,256,-5087196176638333600,390738148860889118,1,,7148645.714285715,main/trial-01.csv
Flocq binary reference (precision model),Flocq,binary-reference,flocq-p4077,4096,mul,software-reference,Flocq 4.2.2 extracted OCaml Zarith,result-dependent-fixture-chain,43,198604538,4335901184640952628,-7056051086990429674,256,5200004546712615421,8285122533487066411,1,,4618710.186046512,main/trial-01.csv
Flocq binary reference (precision model),Flocq,binary-reference,flocq-p4077,4096,sqrt,software-reference,Flocq 4.2.2 extracted OCaml Zarith,result-dependent-complete-16-fixture-blocks,16,21510676767,2750107317495332535,8309232375011947415,16,2750107317495332535,8309232375011947415,1,1,1344417297.937500000,balanced-sqrt/raw.csv
Flocq binary reference (precision model),Flocq,binary-reference,flocq-p4077,4096,sub,software-reference,Flocq 4.2.2 extracted OCaml Zarith,result-dependent-fixture-chain,95,198275634,-2871805140819346225,1378348223700955005,256,-1470714417952960969,-7224912606614356604,1,,2087111.936842105,main/trial-01.csv
MPFR (binary) software reference,MPFR,binary-reference,mpfr-binary6-p3-e3,6,add,software-reference,MPFR 4.1.0-p13 RNDN with matched exponent range and gradual underflow,result-dependent-fixture-chain,5728395,199726624,1233851383444336713,11976675459877664856,256,6202289059733992379,4641336416295902540,1,,34.866070514,main/trial-01.csv
MPFR (binary) software reference,MPFR,binary-reference,mpfr-binary6-p3-e3,6,div,software-reference,MPFR 4.1.0-p13 RNDN with matched exponent range and gradual underflow,result-dependent-fixture-chain,5168451,192118418,708481834405008618,14501455739260781755,256,9601202237124181899,10638078861417486847,1,,37.171372622,main/trial-01.csv
MPFR (binary) software reference,MPFR,binary-reference,mpfr-binary6-p3-e3,6,fma,software-reference,MPFR 4.1.0-p13 RNDN with matched exponent range and gradual underflow,result-dependent-fixture-chain,3536609,199367928,8345318031424854292,13776636977929856469,256,4507675418418589253,3914664449528394175,1,,56.372623606,main/trial-01.csv
MPFR (binary) software reference,MPFR,binary-reference,mpfr-binary6-p3-e3,6,mul,software-reference,MPFR 4.1.0-p13 RNDN with matched exponent range and gradual underflow,result-dependent-fixture-chain,3318557,121521361,12032048726874151206,9372979332396752709,256,16732428428466847560,15410270542147652249,1,,36.618735493,main/trial-01.csv
MPFR (binary) software reference,MPFR,binary-reference,mpfr-binary6-p3-e3,6,sqrt,software-reference,MPFR 4.1.0-p13 RNDN with matched exponent range and gradual underflow,result-dependent-fixture-chain,3274607,129160724,12802784227775523833,277042072748019716,256,6705794194088342193,9189893275782256131,1,,39.443122182,main/trial-01.csv
MPFR (binary) software reference,MPFR,binary-reference,mpfr-binary6-p3-e3,6,sub,software-reference,MPFR 4.1.0-p13 RNDN with matched exponent range and gradual underflow,result-dependent-fixture-chain,5896997,199148161,18085043549070034344,10887129980479207847,256,16478416567677483672,4011936748656663337,1,,33.771114518,main/trial-01.csv
MPFR (binary) software reference,MPFR,binary-reference,mpfr-binary8-p4-e4,8,add,software-reference,MPFR 4.1.0-p13 RNDN with matched exponent range and gradual underflow,result-dependent-fixture-chain,5577906,199492553,16186545916143080444,17142585406455591125,256,15699098036996730368,8420710567143902137,1,,35.764774989,main/trial-01.csv
MPFR (binary) software reference,MPFR,binary-reference,mpfr-binary8-p4-e4,8,div,software-reference,MPFR 4.1.0-p13 RNDN with matched exponent range and gradual underflow,result-dependent-fixture-chain,5463462,199070445,18237221100110175181,14795900973843865565,256,5447373064465816624,12232418598729189962,1,,36.436685201,main/trial-01.csv
MPFR (binary) software reference,MPFR,binary-reference,mpfr-binary8-p4-e4,8,fma,software-reference,MPFR 4.1.0-p13 RNDN with matched exponent range and gradual underflow,result-dependent-fixture-chain,3598482,200253815,10073416107404382870,47993275514326010,256,11063501442542046017,14286134549859220077,1,,55.649525272,main/trial-01.csv
MPFR (binary) software reference,MPFR,binary-reference,mpfr-binary8-p4-e4,8,mul,software-reference,MPFR 4.1.0-p13 RNDN with matched exponent range and gradual underflow,result-dependent-fixture-chain,5404312,190841477,10282657285405535017,5839851117775457349,256,254333560870201325,4801669834166586962,1,,35.312816321,main/trial-01.csv
MPFR (binary) software reference,MPFR,binary-reference,mpfr-binary8-p4-e4,8,sqrt,software-reference,MPFR 4.1.0-p13 RNDN with matched exponent range and gradual underflow,result-dependent-fixture-chain,5060965,213379442,7262563775851644140,15931312769402702593,256,14665192763842552264,17419253158418701627,1,,42.161809457,main/trial-01.csv
MPFR (binary) software reference,MPFR,binary-reference,mpfr-binary8-p4-e4,8,sub,software-reference,MPFR 4.1.0-p13 RNDN with matched exponent range and gradual underflow,result-dependent-fixture-chain,5555491,198131609,17319369325683479188,13686052883972742835,256,488180961882180986,8905306643955899295,1,,35.664104037,main/trial-01.csv
MPFR (binary) software reference,MPFR,binary-reference,mpfr-binary16-p11-e5,16,add,software-reference,MPFR 4.1.0-p13 RNDN with matched exponent range and gradual underflow,result-dependent-fixture-chain,5536506,202776958,12775390838548012232,1502969857394904527,256,6248162902044298242,6774788450646673742,1,,36.625438137,main/trial-01.csv
MPFR (binary) software reference,MPFR,binary-reference,mpfr-binary16-p11-e5,16,div,software-reference,MPFR 4.1.0-p13 RNDN with matched exponent range and gradual underflow,result-dependent-fixture-chain,5580394,198098441,651798953886849432,12646383046998042768,256,12273333955110306205,1536966327070879480,1,,35.499006163,main/trial-01.csv
MPFR (binary) software reference,MPFR,binary-reference,mpfr-binary16-p11-e5,16,fma,software-reference,MPFR 4.1.0-p13 RNDN with matched exponent range and gradual underflow,result-dependent-fixture-chain,3611275,201091575,14157985493646526514,9967989562899716044,256,1406249753189311116,5022963284450321196,1,,55.684370479,main/trial-01.csv
MPFR (binary) software reference,MPFR,binary-reference,mpfr-binary16-p11-e5,16,mul,software-reference,MPFR 4.1.0-p13 RNDN with matched exponent range and gradual underflow,result-dependent-fixture-chain,6002081,199575109,5025002852838324160,2773937312636972310,256,3926997885351921396,18187657784984312392,1,,33.250985616,main/trial-01.csv
MPFR (binary) software reference,MPFR,binary-reference,mpfr-binary16-p11-e5,16,sqrt,software-reference,MPFR 4.1.0-p13 RNDN with matched exponent range and gradual underflow,result-dependent-fixture-chain,5037428,198561511,13346371600560908701,12183236419188635675,256,6810241611482138117,15355967655783802056,1,,39.417240504,main/trial-01.csv
MPFR (binary) software reference,MPFR,binary-reference,mpfr-binary16-p11-e5,16,sub,software-reference,MPFR 4.1.0-p13 RNDN with matched exponent range and gradual underflow,result-dependent-fixture-chain,5739211,202028879,9444490991622402490,7015048522158275615,256,4840367558741898155,7505820856977690627,1,,35.201507489,main/trial-01.csv
MPFR (binary) software reference,MPFR,binary-reference,mpfr-binary32-p24-e8,32,add,software-reference,MPFR 4.1.0-p13 RNDN with matched exponent range and gradual underflow,result-dependent-fixture-chain,5927551,199194676,2234178889056931534,16270772181049184262,256,2381817058504603107,8782414051395963145,1,,33.604886065,main/trial-01.csv
MPFR (binary) software reference,MPFR,binary-reference,mpfr-binary32-p24-e8,32,div,software-reference,MPFR 4.1.0-p13 RNDN with matched exponent range and gradual underflow,result-dependent-fixture-chain,5545125,206843472,6573955169724228816,11356260929370224589,256,16341726122421238898,9159345502404108257,1,,37.301859201,main/trial-01.csv
MPFR (binary) software reference,MPFR,binary-reference,mpfr-binary32-p24-e8,32,fma,software-reference,MPFR 4.1.0-p13 RNDN with matched exponent range and gradual underflow,result-dependent-fixture-chain,3636190,202019387,12507891169495612658,6638998010792164812,256,14193217778002186870,6704285237813457226,1,,55.557984319,main/trial-01.csv
MPFR (binary) software reference,MPFR,binary-reference,mpfr-binary32-p24-e8,32,mul,software-reference,MPFR 4.1.0-p13 RNDN with matched exponent range and gradual underflow,result-dependent-fixture-chain,6142446,203039994,12787463512417275677,11351828379685620591,256,10455358528253897402,7341641514666459220,1,,33.055234674,main/trial-01.csv
MPFR (binary) software reference,MPFR,binary-reference,mpfr-binary32-p24-e8,32,sqrt,software-reference,MPFR 4.1.0-p13 RNDN with matched exponent range and gradual underflow,result-dependent-fixture-chain,4934704,199840489,15241706623057223996,15311548346618114812,256,16179893597297518679,3163294961240210449,1,,40.496955643,main/trial-01.csv
MPFR (binary) software reference,MPFR,binary-reference,mpfr-binary32-p24-e8,32,sub,software-reference,MPFR 4.1.0-p13 RNDN with matched exponent range and gradual underflow,result-dependent-fixture-chain,5615653,199838809,4949540561918995369,263711410725392514,256,15668352703752951196,8948690054579814282,1,,35.586032292,main/trial-01.csv
MPFR (binary) software reference,MPFR,binary-reference,mpfr-binary64-p53-e11,64,add,software-reference,MPFR 4.1.0-p13 RNDN with matched exponent range and gradual underflow,result-dependent-fixture-chain,5457029,198858798,16601791434984265765,15179179762636466139,256,13606897443459857615,1252235387381980120,1,,36.440854172,main/trial-01.csv
MPFR (binary) software reference,MPFR,binary-reference,mpfr-binary64-p53-e11,64,div,software-reference,MPFR 4.1.0-p13 RNDN with matched exponent range and gradual underflow,result-dependent-fixture-chain,5655235,192978663,16816717948088984081,8515234113323977621,256,16866086521615362059,18009442782454829229,1,,34.123898123,main/trial-01.csv
MPFR (binary) software reference,MPFR,binary-reference,mpfr-binary64-p53-e11,64,fma,software-reference,MPFR 4.1.0-p13 RNDN with matched exponent range and gradual underflow,result-dependent-fixture-chain,3440996,200526776,5426601529031432598,14938400684051438263,256,4302356234228363402,11033997570786036178,1,,58.275794566,main/trial-01.csv
MPFR (binary) software reference,MPFR,binary-reference,mpfr-binary64-p53-e11,64,mul,software-reference,MPFR 4.1.0-p13 RNDN with matched exponent range and gradual underflow,result-dependent-fixture-chain,6181834,198309113,8465983486316469238,8210097163764869286,256,10844575015366422186,11592510319815437518,1,,32.079333253,main/trial-01.csv
MPFR (binary) software reference,MPFR,binary-reference,mpfr-binary64-p53-e11,64,sqrt,software-reference,MPFR 4.1.0-p13 RNDN with matched exponent range and gradual underflow,result-dependent-fixture-chain,4088214,295801725,16491326936011789450,14380260567384007614,256,17304413662842360676,8589027394118193575,1,,72.354755646,main/trial-01.csv
MPFR (binary) software reference,MPFR,binary-reference,mpfr-binary64-p53-e11,64,sub,software-reference,MPFR 4.1.0-p13 RNDN with matched exponent range and gradual underflow,result-dependent-fixture-chain,5612048,202267496,761207217170496191,204586949543366426,256,747626906282276811,11425145581293654401,1,,36.041654669,main/trial-01.csv
MPFR (binary) software reference,MPFR,binary-reference,mpfr-binary128-p113-e15,128,add,software-reference,MPFR 4.1.0-p13 RNDN with matched exponent range and gradual underflow,result-dependent-fixture-chain,5335740,201314066,12760887494101500771,17122773785542305275,256,8986041320630648097,802016132310684100,1,,37.729362000,main/trial-01.csv
MPFR (binary) software reference,MPFR,binary-reference,mpfr-binary128-p113-e15,128,div,software-reference,MPFR 4.1.0-p13 RNDN with matched exponent range and gradual underflow,result-dependent-fixture-chain,4348457,196860231,7031344981353656983,1175487959591429230,256,18384515885145115545,3842855788641131890,1,,45.271283814,main/trial-01.csv
MPFR (binary) software reference,MPFR,binary-reference,mpfr-binary128-p113-e15,128,fma,software-reference,MPFR 4.1.0-p13 RNDN with matched exponent range and gradual underflow,result-dependent-fixture-chain,2291596,200408727,4998687790014112281,11159860848208041940,256,5887953800951304359,3243472580820840853,1,,87.453777629,main/trial-01.csv
MPFR (binary) software reference,MPFR,binary-reference,mpfr-binary128-p113-e15,128,mul,software-reference,MPFR 4.1.0-p13 RNDN with matched exponent range and gradual underflow,result-dependent-fixture-chain,3295094,121846272,11162193291156657223,18052180954837067122,256,9170763136414237279,9626421577276675687,1,,36.978086816,main/trial-01.csv
MPFR (binary) software reference,MPFR,binary-reference,mpfr-binary128-p113-e15,128,sqrt,software-reference,MPFR 4.1.0-p13 RNDN with matched exponent range and gradual underflow,result-dependent-fixture-chain,3020526,163603237,3025614210687968102,9664182764575090087,256,3132811494379513567,16347878467459163570,1,,54.163823453,main/trial-01.csv
MPFR (binary) software reference,MPFR,binary-reference,mpfr-binary128-p113-e15,128,sub,software-reference,MPFR 4.1.0-p13 RNDN with matched exponent range and gradual underflow,result-dependent-fixture-chain,5306783,198625710,10946953294785920902,9139270098257333489,256,15255205412964138062,17916492919730332122,1,,37.428647450,main/trial-01.csv
MPFR (binary) software reference,MPFR,binary-reference,mpfr-binary256-p237-e19,256,add,software-reference,MPFR 4.1.0-p13 RNDN with matched exponent range and gradual underflow,result-dependent-fixture-chain,2747907,143080428,6041507478608142723,5865235610523232767,256,5627250593499023285,10793273507272430483,1,,52.068875693,main/trial-01.csv
MPFR (binary) software reference,MPFR,binary-reference,mpfr-binary256-p237-e19,256,div,software-reference,MPFR 4.1.0-p13 RNDN with matched exponent range and gradual underflow,result-dependent-fixture-chain,1526584,200142409,4645209089788155038,17733362154480047536,256,406983776264143148,9301749973017951762,1,,131.104746938,main/trial-01.csv
MPFR (binary) software reference,MPFR,binary-reference,mpfr-binary256-p237-e19,256,fma,software-reference,MPFR 4.1.0-p13 RNDN with matched exponent range and gradual underflow,result-dependent-fixture-chain,1974144,199862719,609210053471336755,15984677531405449712,256,17184235263020137552,2347394086528337578,1,,101.240192711,main/trial-01.csv
MPFR (binary) software reference,MPFR,binary-reference,mpfr-binary256-p237-e19,256,mul,software-reference,MPFR 4.1.0-p13 RNDN with matched exponent range and gradual underflow,result-dependent-fixture-chain,3357208,197297143,7703771032871282415,11007274285355195563,256,17523052883321331641,10716061577737147701,1,,58.768221391,main/trial-01.csv
MPFR (binary) software reference,MPFR,binary-reference,mpfr-binary256-p237-e19,256,sqrt,software-reference,MPFR 4.1.0-p13 RNDN with matched exponent range and gradual underflow,result-dependent-fixture-chain,1168062,200237266,4517979672034403143,3812725349608880480,256,8632000776533919923,5092588512390636015,1,,171.426915695,main/trial-01.csv
MPFR (binary) software reference,MPFR,binary-reference,mpfr-binary256-p237-e19,256,sub,software-reference,MPFR 4.1.0-p13 RNDN with matched exponent range and gradual underflow,result-dependent-fixture-chain,3846179,196743876,5517942206899310526,2240494180493632151,256,14747219915875845160,9812549126092394565,1,,51.153073219,main/trial-01.csv
MPFR (binary) software reference,MPFR,binary-reference,mpfr-binary512-p493-e19,512,add,software-reference,MPFR 4.1.0-p13 RNDN with matched exponent range and gradual underflow,result-dependent-fixture-chain,3506518,202813632,11233820505153347090,13960201559903768430,256,16473226587552645878,2731629517370197849,1,,57.839039184,main/trial-01.csv
MPFR (binary) software reference,MPFR,binary-reference,mpfr-binary512-p493-e19,512,div,software-reference,MPFR 4.1.0-p13 RNDN with matched exponent range and gradual underflow,result-dependent-fixture-chain,1068858,198365578,7380503673992840950,18295872560009812270,256,62298687186005074,17373276729749537051,1,,185.586465181,main/trial-01.csv
MPFR (binary) software reference,MPFR,binary-reference,mpfr-binary512-p493-e19,512,fma,software-reference,MPFR 4.1.0-p13 RNDN with matched exponent range and gradual underflow,result-dependent-fixture-chain,1446951,199323005,5719531489073952951,534654300929062093,256,5166839139342104348,9638240548636149016,1,,137.753804379,main/trial-01.csv
MPFR (binary) software reference,MPFR,binary-reference,mpfr-binary512-p493-e19,512,mul,software-reference,MPFR 4.1.0-p13 RNDN with matched exponent range and gradual underflow,result-dependent-fixture-chain,2123242,199185039,12729889368199577519,6439827594354061380,256,17349291455108062735,7704363681322181692,1,,93.811745906,main/trial-01.csv
MPFR (binary) software reference,MPFR,binary-reference,mpfr-binary512-p493-e19,512,sqrt,software-reference,MPFR 4.1.0-p13 RNDN with matched exponent range and gradual underflow,result-dependent-fixture-chain,614058,198482984,13837338903377988277,15967980489714524967,256,14718717483843740146,16492443812586108962,1,,323.231655642,main/trial-01.csv
MPFR (binary) software reference,MPFR,binary-reference,mpfr-binary512-p493-e19,512,sub,software-reference,MPFR 4.1.0-p13 RNDN with matched exponent range and gradual underflow,result-dependent-fixture-chain,3665137,200705833,1047280603383735637,15113471823419700480,256,1316036719961860745,14942267711526812724,1,,54.760799665,main/trial-01.csv
MPFR (binary) software reference,MPFR,binary-reference,mpfr-binary1024-p1005-e19,1024,add,software-reference,MPFR 4.1.0-p13 RNDN with matched exponent range and gradual underflow,result-dependent-fixture-chain,3031212,201005581,4969578555878773467,13139385965800226197,256,15085329428722891679,17675889632280362273,1,,66.311950797,main/trial-01.csv
MPFR (binary) software reference,MPFR,binary-reference,mpfr-binary1024-p1005-e19,1024,div,software-reference,MPFR 4.1.0-p13 RNDN with matched exponent range and gradual underflow,result-dependent-fixture-chain,608657,200163801,4025153374952816905,5634368742661802014,256,9849109639515396701,6779996310571071559,1,,328.861412914,main/trial-01.csv
MPFR (binary) software reference,MPFR,binary-reference,mpfr-binary1024-p1005-e19,1024,fma,software-reference,MPFR 4.1.0-p13 RNDN with matched exponent range and gradual underflow,result-dependent-fixture-chain,718417,199241177,8489636522456940712,13167955492060634348,256,1574300555002444628,17008690229445754520,1,,277.333605691,main/trial-01.csv
MPFR (binary) software reference,MPFR,binary-reference,mpfr-binary1024-p1005-e19,1024,mul,software-reference,MPFR 4.1.0-p13 RNDN with matched exponent range and gradual underflow,result-dependent-fixture-chain,1162297,199448639,5364381458550104523,10305287127633468738,256,10797881490847747902,3571047587515683140,1,,171.598686910,main/trial-01.csv
MPFR (binary) software reference,MPFR,binary-reference,mpfr-binary1024-p1005-e19,1024,sqrt,software-reference,MPFR 4.1.0-p13 RNDN with matched exponent range and gradual underflow,result-dependent-complete-16-fixture-blocks,372624,200443966,276595817359270673,7601891716325795857,16,16439620615060473591,7536919605682387661,1,23289,537.925538881,balanced-sqrt/raw.csv
MPFR (binary) software reference,MPFR,binary-reference,mpfr-binary1024-p1005-e19,1024,sub,software-reference,MPFR 4.1.0-p13 RNDN with matched exponent range and gradual underflow,result-dependent-fixture-chain,3286361,200294741,8128746093870331159,10360407135692221791,256,15033367052268226531,7348075305264049930,1,,60.947272987,main/trial-01.csv
MPFR (binary) software reference,MPFR,binary-reference,mpfr-binary2048-p2029-e19,2048,add,software-reference,MPFR 4.1.0-p13 RNDN with matched exponent range and gradual underflow,result-dependent-fixture-chain,2394879,200583419,12097757202845283043,10011915494252099434,256,16187131443813737441,17453360145151856638,1,,83.755137107,main/trial-01.csv
MPFR (binary) software reference,MPFR,binary-reference,mpfr-binary2048-p2029-e19,2048,div,software-reference,MPFR 4.1.0-p13 RNDN with matched exponent range and gradual underflow,result-dependent-fixture-chain,273318,199796069,10817650992985743504,17024166577746197454,256,16439921886465636847,9643158198526521548,1,,731.002235491,main/trial-01.csv
MPFR (binary) software reference,MPFR,binary-reference,mpfr-binary2048-p2029-e19,2048,fma,software-reference,MPFR 4.1.0-p13 RNDN with matched exponent range and gradual underflow,result-dependent-fixture-chain,281448,201598989,13798913910931780712,799392627874604551,256,2743377063019884498,9565555395836394947,1,,716.292135670,main/trial-01.csv
MPFR (binary) software reference,MPFR,binary-reference,mpfr-binary2048-p2029-e19,2048,mul,software-reference,MPFR 4.1.0-p13 RNDN with matched exponent range and gradual underflow,result-dependent-fixture-chain,454216,201083132,9812817154471562590,775655018206680481,256,11277422525107346237,3130251621155328320,1,,442.703762087,main/trial-01.csv
MPFR (binary) software reference,MPFR,binary-reference,mpfr-binary2048-p2029-e19,2048,sqrt,software-reference,MPFR 4.1.0-p13 RNDN with matched exponent range and gradual underflow,result-dependent-complete-16-fixture-blocks,217712,200909205,17539687715833202081,5114779771027043821,16,6795361247420114461,10880226840348184823,1,13607,922.820997465,balanced-sqrt/raw.csv
MPFR (binary) software reference,MPFR,binary-reference,mpfr-binary2048-p2029-e19,2048,sub,software-reference,MPFR 4.1.0-p13 RNDN with matched exponent range and gradual underflow,result-dependent-fixture-chain,2571261,200562744,6374523537275527458,8344822934321872873,256,5835518171502335049,13859927365874923980,1,,78.001705778,main/trial-01.csv
MPFR (binary) software reference,MPFR,binary-reference,mpfr-binary4096-p4077-e19,4096,add,software-reference,MPFR 4.1.0-p13 RNDN with matched exponent range and gradual underflow,result-dependent-fixture-chain,1663914,200333016,4073752836597534642,1714046625734534788,256,9648732917905115387,1993696468231033033,1,,120.398660027,main/trial-01.csv
MPFR (binary) software reference,MPFR,binary-reference,mpfr-binary4096-p4077-e19,4096,div,software-reference,MPFR 4.1.0-p13 RNDN with matched exponent range and gradual underflow,result-dependent-fixture-chain,93807,199751570,14175313557105425297,3106752809240651861,256,14940049394283008741,10462835467918708592,1,,2129.388744976,main/trial-01.csv
MPFR (binary) software reference,MPFR,binary-reference,mpfr-binary4096-p4077-e19,4096,fma,software-reference,MPFR 4.1.0-p13 RNDN with matched exponent range and gradual underflow,result-dependent-fixture-chain,100834,182471784,13054678210057844868,18073377593920899363,256,13359547897071218016,390738148860889118,1,,1809.625562806,main/trial-01.csv
MPFR (binary) software reference,MPFR,binary-reference,mpfr-binary4096-p4077-e19,4096,mul,software-reference,MPFR 4.1.0-p13 RNDN with matched exponent range and gradual underflow,result-dependent-fixture-chain,154891,201503219,17851413421577183878,8874224377668291379,256,5200004546712615421,8285122533487066411,1,,1300.935619242,main/trial-01.csv
MPFR (binary) software reference,MPFR,binary-reference,mpfr-binary4096-p4077-e19,4096,sqrt,software-reference,MPFR 4.1.0-p13 RNDN with matched exponent range and gradual underflow,result-dependent-complete-16-fixture-blocks,105856,199543377,15223541924136714871,13884257958964881367,16,2750107317495332535,8309232375011947415,1,6616,1885.045505215,balanced-sqrt/raw.csv
MPFR (binary) software reference,MPFR,binary-reference,mpfr-binary4096-p4077-e19,4096,sub,software-reference,MPFR 4.1.0-p13 RNDN with matched exponent range and gradual underflow,result-dependent-fixture-chain,1841471,219258284,1513083301507356051,587470587763882766,256,16976029655756590647,11221831467095195012,1,,119.066922042,main/trial-01.csv
